id,match_id,fecha,deporte,partido,home_team,away_team,seleccion,casa,cuota,prob_real,edge_pct,stake_eur,creada
699bf1a1a9eb1b2ed120fea0c2225ddf|Nottingham Forest|1xBet,699bf1a1a9eb1b2ed120fea0c2225ddf,2026-05-04T14:00:00Z,soccer_epl,Chelsea vs Nottingham Forest,Chelsea,Nottingham Forest,Nottingham Forest,1xBet,4.92,0.2109,3.77,0.01,2026-04-24T21:27:28
09d5570dec06194bdd8124831b9deb5a|Draw|1xBet,09d5570dec06194bdd8124831b9deb5a,2026-05-04T19:00:00Z,soccer_epl,Everton vs Manchester City,Everton,Manchester City,Draw,1xBet,4.78,0.2158,3.14,0.01,2026-04-24T21:27:28
a6b698d15158568e491da1405e17a1d3|Athletic Bilbao|Smarkets,a6b698d15158568e491da1405e17a1d3,2026-04-25T19:00:00Z,soccer_spain_la_liga,Atlético Madrid vs Athletic Bilbao,Atlético Madrid,Athletic Bilbao,Athletic Bilbao,Smarkets,3.7,0.2789,3.18,0.01,2026-04-24T21:27:28
a6b698d15158568e491da1405e17a1d3|Athletic Bilbao|Betfair,a6b698d15158568e491da1405e17a1d3,2026-04-25T19:00:00Z,soccer_spain_la_liga,Atlético Madrid vs Athletic Bilbao,Atlético Madrid,Athletic Bilbao,Athletic Bilbao,Betfair,3.75,0.2789,4.57,0.02,2026-04-24T21:27:28
a6b698d15158568e491da1405e17a1d3|Athletic Bilbao|Betfair,a6b698d15158568e491da1405e17a1d3,2026-04-25T19:00:00Z,soccer_spain_la_liga,Atlético Madrid vs Athletic Bilbao,Atlético Madrid,Athletic Bilbao,Athletic Bilbao,Betfair,3.75,0.2789,4.57,0.02,2026-04-24T21:27:28
a6b698d15158568e491da1405e17a1d3|Athletic Bilbao|Matchbook,a6b698d15158568e491da1405e17a1d3,2026-04-25T19:00:00Z,soccer_spain_la_liga,Atlético Madrid vs Athletic Bilbao,Atlético Madrid,Athletic Bilbao,Athletic Bilbao,Matchbook,3.75,0.2789,4.57,0.02,2026-04-24T21:27:28
a6b698d15158568e491da1405e17a1d3|Atlético Madrid|1xBet,a6b698d15158568e491da1405e17a1d3,2026-04-25T19:00:00Z,soccer_spain_la_liga,Atlético Madrid vs Athletic Bilbao,Atlético Madrid,Athletic Bilbao,Atlético Madrid,1xBet,2.25,0.4614,3.81,0.03,2026-04-24T21:27:28
5f9d3da4f9116d7f74b873d6d8c5b5b5|Sevilla|Smarkets,5f9d3da4f9116d7f74b873d6d8c5b5b5,2026-04-26T16:30:00Z,soccer_spain_la_liga,CA Osasuna vs Sevilla,CA Osasuna,Sevilla,Sevilla,Smarkets,4.0,0.2589,3.55,0.01,2026-04-24T21:27:28
5f9d3da4f9116d7f74b873d6d8c5b5b5|Sevilla|Betfair,5f9d3da4f9116d7f74b873d6d8c5b5b5,2026-04-26T16:30:00Z,soccer_spain_la_liga,CA Osasuna vs Sevilla,CA Osasuna,Sevilla,Sevilla,Betfair,4.1,0.2589,6.14,0.02,2026-04-24T21:27:28
5f9d3da4f9116d7f74b873d6d8c5b5b5|Sevilla|Betfair,5f9d3da4f9116d7f74b873d6d8c5b5b5,2026-04-26T16:30:00Z,soccer_spain_la_liga,CA Osasuna vs Sevilla,CA Osasuna,Sevilla,Sevilla,Betfair,4.1,0.2589,6.14,0.02,2026-04-24T21:27:28
5f9d3da4f9116d7f74b873d6d8c5b5b5|Sevilla|Matchbook,5f9d3da4f9116d7f74b873d6d8c5b5b5,2026-04-26T16:30:00Z,soccer_spain_la_liga,CA Osasuna vs Sevilla,CA Osasuna,Sevilla,Sevilla,Matchbook,4.1,0.2589,6.14,0.02,2026-04-24T21:27:28
548f901ac0c811c39953f7e3769040cb|Celta Vigo|Betfair,548f901ac0c811c39953f7e3769040cb,2026-04-26T19:00:00Z,soccer_spain_la_liga,Villarreal vs Celta Vigo,Villarreal,Celta Vigo,Celta Vigo,Betfair,4.1,0.2522,3.4,0.01,2026-04-24T21:27:28
548f901ac0c811c39953f7e3769040cb|Celta Vigo|Betfair,548f901ac0c811c39953f7e3769040cb,2026-04-26T19:00:00Z,soccer_spain_la_liga,Villarreal vs Celta Vigo,Villarreal,Celta Vigo,Celta Vigo,Betfair,4.1,0.2522,3.4,0.01,2026-04-24T21:27:28
548f901ac0c811c39953f7e3769040cb|Celta Vigo|Matchbook,548f901ac0c811c39953f7e3769040cb,2026-04-26T19:00:00Z,soccer_spain_la_liga,Villarreal vs Celta Vigo,Villarreal,Celta Vigo,Celta Vigo,Matchbook,4.1,0.2522,3.4,0.01,2026-04-24T21:27:28
548f901ac0c811c39953f7e3769040cb|Celta Vigo|Coolbet,548f901ac0c811c39953f7e3769040cb,2026-04-26T19:00:00Z,soccer_spain_la_liga,Villarreal vs Celta Vigo,Villarreal,Celta Vigo,Celta Vigo,Coolbet,4.1,0.2522,3.4,0.01,2026-04-24T21:27:28
6b26120d2a0ef752d7770e5a2a69ec4c|Elche CF|Pinnacle,6b26120d2a0ef752d7770e5a2a69ec4c,2026-05-03T12:00:00Z,soccer_spain_la_liga,Celta Vigo vs Elche CF,Celta Vigo,Elche CF,Elche CF,Pinnacle,4.06,0.2571,4.38,0.01,2026-04-24T21:27:28
6b26120d2a0ef752d7770e5a2a69ec4c|Elche CF|1xBet,6b26120d2a0ef752d7770e5a2a69ec4c,2026-05-03T12:00:00Z,soccer_spain_la_liga,Celta Vigo vs Elche CF,Celta Vigo,Elche CF,Elche CF,1xBet,4.22,0.2571,8.49,0.03,2026-04-24T21:27:28
2e977aa19b52f35a2f36273a8936a967|Draw|1xBet,2e977aa19b52f35a2f36273a8936a967,2026-05-03T19:00:00Z,soccer_spain_la_liga,Espanyol vs Real Madrid,Espanyol,Real Madrid,Draw,1xBet,4.72,0.2184,3.11,0.01,2026-04-24T21:27:28
93e8cd6fa52b18f41be1ac82f43ab87d|Toulouse|Betfair,93e8cd6fa52b18f41be1ac82f43ab87d,2026-04-25T19:05:00Z,soccer_france_ligue_one,Toulouse vs AS Monaco,Toulouse,AS Monaco,Toulouse,Betfair,3.95,0.2638,4.21,0.01,2026-04-24T21:27:28
93e8cd6fa52b18f41be1ac82f43ab87d|Toulouse|Betfair,93e8cd6fa52b18f41be1ac82f43ab87d,2026-04-25T19:05:00Z,soccer_france_ligue_one,Toulouse vs AS Monaco,Toulouse,AS Monaco,Toulouse,Betfair,3.95,0.2638,4.21,0.01,2026-04-24T21:27:28
93e8cd6fa52b18f41be1ac82f43ab87d|Toulouse|Matchbook,93e8cd6fa52b18f41be1ac82f43ab87d,2026-04-25T19:05:00Z,soccer_france_ligue_one,Toulouse vs AS Monaco,Toulouse,AS Monaco,Toulouse,Matchbook,3.95,0.2638,4.21,0.01,2026-04-24T21:27:28
6575e2a2e9cba1a58157427fe0e50ea1|Metz|Betfair,6575e2a2e9cba1a58157427fe0e50ea1,2026-04-26T15:15:00Z,soccer_france_ligue_one,Le Havre vs Metz,Le Havre,Metz,Metz,Betfair,5.7,0.1809,3.11,0.01,2026-04-24T21:27:28
6575e2a2e9cba1a58157427fe0e50ea1|Metz|Betfair,6575e2a2e9cba1a58157427fe0e50ea1,2026-04-26T15:15:00Z,soccer_france_ligue_one,Le Havre vs Metz,Le Havre,Metz,Metz,Betfair,5.7,0.1809,3.11,0.01,2026-04-24T21:27:28
6575e2a2e9cba1a58157427fe0e50ea1|Metz|Unibet (NL),6575e2a2e9cba1a58157427fe0e50ea1,2026-04-26T15:15:00Z,soccer_france_ligue_one,Le Havre vs Metz,Le Havre,Metz,Metz,Unibet (NL),5.8,0.1809,4.92,0.01,2026-04-24T21:27:28
6575e2a2e9cba1a58157427fe0e50ea1|Metz|LeoVegas (SE),6575e2a2e9cba1a58157427fe0e50ea1,2026-04-26T15:15:00Z,soccer_france_ligue_one,Le Havre vs Metz,Le Havre,Metz,Metz,LeoVegas (SE),5.8,0.1809,4.92,0.01,2026-04-24T21:27:28
6575e2a2e9cba1a58157427fe0e50ea1|Metz|Unibet (SE),6575e2a2e9cba1a58157427fe0e50ea1,2026-04-26T15:15:00Z,soccer_france_ligue_one,Le Havre vs Metz,Le Havre,Metz,Metz,Unibet (SE),5.8,0.1809,4.92,0.01,2026-04-24T21:27:28
6575e2a2e9cba1a58157427fe0e50ea1|Metz|Matchbook,6575e2a2e9cba1a58157427fe0e50ea1,2026-04-26T15:15:00Z,soccer_france_ligue_one,Le Havre vs Metz,Le Havre,Metz,Metz,Matchbook,5.7,0.1809,3.11,0.01,2026-04-24T21:27:28
de694a4df408b98ea9a17da7b905a13a|Nantes|LeoVegas (SE),de694a4df408b98ea9a17da7b905a13a,2026-05-02T13:00:00Z,soccer_france_ligue_one,Nantes vs Marseille,Nantes,Marseille,Nantes,LeoVegas (SE),5.6,0.1862,4.27,0.01,2026-04-24T21:27:28
de694a4df408b98ea9a17da7b905a13a|Nantes|Unibet (NL),de694a4df408b98ea9a17da7b905a13a,2026-05-02T13:00:00Z,soccer_france_ligue_one,Nantes vs Marseille,Nantes,Marseille,Nantes,Unibet (NL),5.6,0.1862,4.27,0.01,2026-04-24T21:27:28
de694a4df408b98ea9a17da7b905a13a|Nantes|Unibet (SE),de694a4df408b98ea9a17da7b905a13a,2026-05-02T13:00:00Z,soccer_france_ligue_one,Nantes vs Marseille,Nantes,Marseille,Nantes,Unibet (SE),5.6,0.1862,4.27,0.01,2026-04-24T21:27:28
b0d1e670b682b0ed37d6b0bc271efa6a|Draw|Winamax (DE),b0d1e670b682b0ed37d6b0bc271efa6a,2026-04-26T13:00:00Z,soccer_italy_serie_a,Genoa vs Como,Genoa,Como,Draw,Winamax (DE),3.95,0.2619,3.45,0.01,2026-04-24T21:27:28
aa8294b91a1920474d420d34851aaceb|Udinese|Smarkets,aa8294b91a1920474d420d34851aaceb,2026-04-27T18:45:00Z,soccer_italy_serie_a,Lazio vs Udinese,Lazio,Udinese,Udinese,Smarkets,4.3,0.2409,3.57,0.01,2026-04-24T21:27:28
16fa5da1e64cdb028c84396beecbb633|Draw|1xBet,16fa5da1e64cdb028c84396beecbb633,2026-05-02T16:00:00Z,soccer_italy_serie_a,Como vs Napoli,Como,Napoli,Draw,1xBet,3.66,0.2823,3.33,0.01,2026-04-24T21:27:28
bb624cb4bdfb721401d5a3d3017c921e|Draw|BetOnline.ag,bb624cb4bdfb721401d5a3d3017c921e,2026-05-03T10:30:00Z,soccer_italy_serie_a,Bologna vs Cagliari,Bologna,Cagliari,Draw,BetOnline.ag,4.15,0.2499,3.71,0.01,2026-04-24T21:27:28
2457832a9a6bc5d539672aa3f6537d3b|Sassuolo|Casumo,2457832a9a6bc5d539672aa3f6537d3b,2026-05-03T13:00:00Z,soccer_italy_serie_a,Sassuolo vs AC Milan,Sassuolo,AC Milan,Sassuolo,Casumo,5.2,0.2023,5.22,0.01,2026-04-24T21:27:28
2457832a9a6bc5d539672aa3f6537d3b|Sassuolo|LeoVegas (SE),2457832a9a6bc5d539672aa3f6537d3b,2026-05-03T13:00:00Z,soccer_italy_serie_a,Sassuolo vs AC Milan,Sassuolo,AC Milan,Sassuolo,LeoVegas (SE),5.2,0.2023,5.22,0.01,2026-04-24T21:27:28
2457832a9a6bc5d539672aa3f6537d3b|Sassuolo|PMU (FR),2457832a9a6bc5d539672aa3f6537d3b,2026-05-03T13:00:00Z,soccer_italy_serie_a,Sassuolo vs AC Milan,Sassuolo,AC Milan,Sassuolo,PMU (FR),5.1,0.2023,3.19,0.01,2026-04-24T21:27:28
2457832a9a6bc5d539672aa3f6537d3b|Sassuolo|Grosvenor,2457832a9a6bc5d539672aa3f6537d3b,2026-05-03T13:00:00Z,soccer_italy_serie_a,Sassuolo vs AC Milan,Sassuolo,AC Milan,Sassuolo,Grosvenor,5.2,0.2023,5.22,0.01,2026-04-24T21:27:28
2457832a9a6bc5d539672aa3f6537d3b|Sassuolo|Unibet (NL),2457832a9a6bc5d539672aa3f6537d3b,2026-05-03T13:00:00Z,soccer_italy_serie_a,Sassuolo vs AC Milan,Sassuolo,AC Milan,Sassuolo,Unibet (NL),5.3,0.2023,7.24,0.02,2026-04-24T21:27:28
2457832a9a6bc5d539672aa3f6537d3b|Sassuolo|Unibet (SE),2457832a9a6bc5d539672aa3f6537d3b,2026-05-03T13:00:00Z,soccer_italy_serie_a,Sassuolo vs AC Milan,Sassuolo,AC Milan,Sassuolo,Unibet (SE),5.3,0.2023,7.24,0.02,2026-04-24T21:27:28
2457832a9a6bc5d539672aa3f6537d3b|Draw|BetOnline.ag,2457832a9a6bc5d539672aa3f6537d3b,2026-05-03T13:00:00Z,soccer_italy_serie_a,Sassuolo vs AC Milan,Sassuolo,AC Milan,Draw,BetOnline.ag,4.43,0.2329,3.19,0.01,2026-04-24T21:27:28
b104ec3a106ddc5715a4da26d894567f|Draw|Coolbet,b104ec3a106ddc5715a4da26d894567f,2026-04-26T13:30:00Z,soccer_germany_bundesliga,VfB Stuttgart vs Werder Bremen,VfB Stuttgart,Werder Bremen,Draw,Coolbet,4.75,0.2185,3.79,0.01,2026-04-24T21:27:28
5f9d3da4f9116d7f74b873d6d8c5b5b5|Sevilla|Coolbet,5f9d3da4f9116d7f74b873d6d8c5b5b5,2026-04-26T16:30:00Z,soccer_spain_la_liga,CA Osasuna vs Sevilla,CA Osasuna,Sevilla,Sevilla,Coolbet,4.0,0.2576,3.03,0.01,2026-04-24T19:34:52
3f693b50c9b137ad05195d2142ef81a4|Adelaide Crows|Betfair,3f693b50c9b137ad05195d2142ef81a4,2026-04-26T05:15:44Z,aussierules_afl,Brisbane Lions vs Adelaide Crows,Brisbane Lions,Adelaide Crows,Adelaide Crows,Betfair,3.7,0.2873,6.29,0.02,2026-04-24T19:45:48
3f693b50c9b137ad05195d2142ef81a4|Adelaide Crows|Betfair,3f693b50c9b137ad05195d2142ef81a4,2026-04-26T05:15:44Z,aussierules_afl,Brisbane Lions vs Adelaide Crows,Brisbane Lions,Adelaide Crows,Adelaide Crows,Betfair,3.7,0.2873,6.29,0.02,2026-04-24T19:45:48
16241ec1423f8d5c6352a7ca5b038a21|Gujarat Titans|BoyleSports,16241ec1423f8d5c6352a7ca5b038a21,2026-04-26T10:00:00Z,cricket_ipl,Chennai Super Kings vs Gujarat Titans,Chennai Super Kings,Gujarat Titans,Gujarat Titans,BoyleSports,2.1,0.5,5.0,0.05,2026-04-24T19:45:48
44764f3a7c087a1f160782b738393e85|Tommy Paul|Betfair,44764f3a7c087a1f160782b738393e85,2026-04-24T18:20:00Z,tennis_atp_madrid_open,Thiago Agustin Tirante vs Tommy Paul,Thiago Agustin Tirante,Tommy Paul,Tommy Paul,Betfair,2.8,0.3854,7.91,0.04,2026-04-24T19:45:48
44764f3a7c087a1f160782b738393e85|Tommy Paul|Betway,44764f3a7c087a1f160782b738393e85,2026-04-24T18:20:00Z,tennis_atp_madrid_open,Thiago Agustin Tirante vs Tommy Paul,Thiago Agustin Tirante,Tommy Paul,Tommy Paul,Betway,2.75,0.3854,5.98,0.03,2026-04-24T19:45:48
44764f3a7c087a1f160782b738393e85|Tommy Paul|Bet Victor,44764f3a7c087a1f160782b738393e85,2026-04-24T18:20:00Z,tennis_atp_madrid_open,Thiago Agustin Tirante vs Tommy Paul,Thiago Agustin Tirante,Tommy Paul,Tommy Paul,Bet Victor,2.8,0.3854,7.91,0.04,2026-04-24T19:45:48
44764f3a7c087a1f160782b738393e85|Tommy Paul|Paddy Power,44764f3a7c087a1f160782b738393e85,2026-04-24T18:20:00Z,tennis_atp_madrid_open,Thiago Agustin Tirante vs Tommy Paul,Thiago Agustin Tirante,Tommy Paul,Tommy Paul,Paddy Power,2.75,0.3854,5.98,0.03,2026-04-24T19:45:48
44764f3a7c087a1f160782b738393e85|Tommy Paul|Matchbook,44764f3a7c087a1f160782b738393e85,2026-04-24T18:20:00Z,tennis_atp_madrid_open,Thiago Agustin Tirante vs Tommy Paul,Thiago Agustin Tirante,Tommy Paul,Tommy Paul,Matchbook,2.78,0.3854,7.14,0.04,2026-04-24T19:45:48
44764f3a7c087a1f160782b738393e85|Tommy Paul|Betfair Sportsbook,44764f3a7c087a1f160782b738393e85,2026-04-24T18:20:00Z,tennis_atp_madrid_open,Thiago Agustin Tirante vs Tommy Paul,Thiago Agustin Tirante,Tommy Paul,Tommy Paul,Betfair Sportsbook,2.75,0.3854,5.98,0.03,2026-04-24T19:45:48
599291983e6dc9666b563e9e16aeb0e2|Adam Walton|Betfair,599291983e6dc9666b563e9e16aeb0e2,2026-04-25T09:00:00Z,tennis_atp_madrid_open,Karen Khachanov vs Adam Walton,Karen Khachanov,Adam Walton,Adam Walton,Betfair,4.8,0.2176,4.46,0.01,2026-04-24T19:45:48
599291983e6dc9666b563e9e16aeb0e2|Adam Walton|Betfair,599291983e6dc9666b563e9e16aeb0e2,2026-04-25T09:00:00Z,tennis_atp_madrid_open,Karen Khachanov vs Adam Walton,Karen Khachanov,Adam Walton,Adam Walton,Betfair,4.8,0.2176,4.46,0.01,2026-04-24T19:45:48
599291983e6dc9666b563e9e16aeb0e2|Adam Walton|Coolbet,599291983e6dc9666b563e9e16aeb0e2,2026-04-25T09:00:00Z,tennis_atp_madrid_open,Karen Khachanov vs Adam Walton,Karen Khachanov,Adam Walton,Adam Walton,Coolbet,4.75,0.2176,3.37,0.01,2026-04-24T19:45:48
599291983e6dc9666b563e9e16aeb0e2|Adam Walton|Matchbook,599291983e6dc9666b563e9e16aeb0e2,2026-04-25T09:00:00Z,tennis_atp_madrid_open,Karen Khachanov vs Adam Walton,Karen Khachanov,Adam Walton,Adam Walton,Matchbook,4.8,0.2176,4.46,0.01,2026-04-24T19:45:48
182bc4336f49587957446a765c33ac2b|Yannick Hanfmann|GTbets,182bc4336f49587957446a765c33ac2b,2026-04-25T09:00:00Z,tennis_atp_madrid_open,Francisco Cerundolo vs Yannick Hanfmann,Francisco Cerundolo,Yannick Hanfmann,Yannick Hanfmann,GTbets,3.54,0.2967,5.03,0.02,2026-04-24T19:45:48
34f347297729492d382764c22582708e|Vilius Gaubas|Betfair,34f347297729492d382764c22582708e,2026-04-25T12:00:00Z,tennis_atp_madrid_open,Vilius Gaubas vs Felix Auger-Aliassime,Vilius Gaubas,Felix Auger-Aliassime,Vilius Gaubas,Betfair,4.3,0.2451,5.39,0.02,2026-04-24T19:45:48
34f347297729492d382764c22582708e|Vilius Gaubas|Betfair,34f347297729492d382764c22582708e,2026-04-25T12:00:00Z,tennis_atp_madrid_open,Vilius Gaubas vs Felix Auger-Aliassime,Vilius Gaubas,Felix Auger-Aliassime,Vilius Gaubas,Betfair,4.3,0.2451,5.39,0.02,2026-04-24T19:45:48
34f347297729492d382764c22582708e|Vilius Gaubas|Matchbook,34f347297729492d382764c22582708e,2026-04-25T12:00:00Z,tennis_atp_madrid_open,Vilius Gaubas vs Felix Auger-Aliassime,Vilius Gaubas,Felix Auger-Aliassime,Vilius Gaubas,Matchbook,4.3,0.2451,5.39,0.02,2026-04-24T19:45:48
34f347297729492d382764c22582708e|Vilius Gaubas|Smarkets,34f347297729492d382764c22582708e,2026-04-25T12:00:00Z,tennis_atp_madrid_open,Vilius Gaubas vs Felix Auger-Aliassime,Vilius Gaubas,Felix Auger-Aliassime,Vilius Gaubas,Smarkets,4.3,0.2451,5.39,0.02,2026-04-24T19:45:48
321062d5453eabc574404b03be6c0ce9|Terence Atmane|BoyleSports,321062d5453eabc574404b03be6c0ce9,2026-04-25T12:00:00Z,tennis_atp_madrid_open,Ugo Humbert vs Terence Atmane,Ugo Humbert,Terence Atmane,Terence Atmane,BoyleSports,2.05,0.5138,5.33,0.05,2026-04-24T19:45:48
321062d5453eabc574404b03be6c0ce9|Ugo Humbert|Matchbook,321062d5453eabc574404b03be6c0ce9,2026-04-25T12:00:00Z,tennis_atp_madrid_open,Ugo Humbert vs Terence Atmane,Ugo Humbert,Terence Atmane,Ugo Humbert,Matchbook,2.12,0.4862,3.07,0.03,2026-04-24T19:45:48
73df6bbdec9d5310ae64a772ba0d05a4|Mariano Navone|Betfair,73df6bbdec9d5310ae64a772ba0d05a4,2026-04-25T14:00:00Z,tennis_atp_madrid_open,Mariano Navone vs Alexander Zverev,Mariano Navone,Alexander Zverev,Mariano Navone,Betfair,4.6,0.2286,5.14,0.01,2026-04-24T19:45:48
73df6bbdec9d5310ae64a772ba0d05a4|Mariano Navone|Betfair,73df6bbdec9d5310ae64a772ba0d05a4,2026-04-25T14:00:00Z,tennis_atp_madrid_open,Mariano Navone vs Alexander Zverev,Mariano Navone,Alexander Zverev,Mariano Navone,Betfair,4.6,0.2286,5.14,0.01,2026-04-24T19:45:48
73df6bbdec9d5310ae64a772ba0d05a4|Mariano Navone|Smarkets,73df6bbdec9d5310ae64a772ba0d05a4,2026-04-25T14:00:00Z,tennis_atp_madrid_open,Mariano Navone vs Alexander Zverev,Mariano Navone,Alexander Zverev,Mariano Navone,Smarkets,4.6,0.2286,5.14,0.01,2026-04-24T19:45:48
73df6bbdec9d5310ae64a772ba0d05a4|Mariano Navone|BetOnline.ag,73df6bbdec9d5310ae64a772ba0d05a4,2026-04-25T14:00:00Z,tennis_atp_madrid_open,Mariano Navone vs Alexander Zverev,Mariano Navone,Alexander Zverev,Mariano Navone,BetOnline.ag,4.51,0.2286,3.09,0.01,2026-04-24T19:45:48
73df6bbdec9d5310ae64a772ba0d05a4|Mariano Navone|Matchbook,73df6bbdec9d5310ae64a772ba0d05a4,2026-04-25T14:00:00Z,tennis_atp_madrid_open,Mariano Navone vs Alexander Zverev,Mariano Navone,Alexander Zverev,Mariano Navone,Matchbook,4.6,0.2286,5.14,0.01,2026-04-24T19:45:48
8b45b7c384ea73d5baadc160b8729234|Emilio Nava|1xBet,8b45b7c384ea73d5baadc160b8729234,2026-04-26T09:00:00Z,tennis_atp_madrid_open,Arthur Fils vs Emilio Nava,Arthur Fils,Emilio Nava,Emilio Nava,1xBet,5.32,0.2007,6.76,0.02,2026-04-24T19:45:48
8b45b7c384ea73d5baadc160b8729234|Emilio Nava|Betfair,8b45b7c384ea73d5baadc160b8729234,2026-04-26T09:00:00Z,tennis_atp_madrid_open,Arthur Fils vs Emilio Nava,Arthur Fils,Emilio Nava,Emilio Nava,Betfair,5.7,0.2007,14.39,0.03,2026-04-24T19:45:48
8b45b7c384ea73d5baadc160b8729234|Emilio Nava|Betfair,8b45b7c384ea73d5baadc160b8729234,2026-04-26T09:00:00Z,tennis_atp_madrid_open,Arthur Fils vs Emilio Nava,Arthur Fils,Emilio Nava,Emilio Nava,Betfair,5.7,0.2007,14.39,0.03,2026-04-24T19:45:48
e16af22e69c257bb330d4be8e8b72931|Tallon Griekspoor|Pinnacle,e16af22e69c257bb330d4be8e8b72931,2026-04-26T09:00:00Z,tennis_atp_madrid_open,Tallon Griekspoor vs Lorenzo Musetti,Tallon Griekspoor,Lorenzo Musetti,Tallon Griekspoor,Pinnacle,4.07,0.2596,5.67,0.02,2026-04-24T19:45:48
e132410edd29ffde6956a0ef39eff64e|Junto Nakatani|Betfair,e132410edd29ffde6956a0ef39eff64e,2026-05-02T11:00:00Z,boxing_boxing,Naoya Inoue vs Junto Nakatani,Naoya Inoue,Junto Nakatani,Junto Nakatani,Betfair,5.0,0.2098,4.92,0.01,2026-04-24T19:45:48
e132410edd29ffde6956a0ef39eff64e|Junto Nakatani|Betfair,e132410edd29ffde6956a0ef39eff64e,2026-05-02T11:00:00Z,boxing_boxing,Naoya Inoue vs Junto Nakatani,Naoya Inoue,Junto Nakatani,Junto Nakatani,Betfair,5.0,0.2098,4.92,0.01,2026-04-24T19:45:48
ee929f6b6d9500fb8c91bbaac8d71794|Jose Armando Resendiz|BetOnline.ag,ee929f6b6d9500fb8c91bbaac8d71794,2026-05-02T21:00:00Z,boxing_boxing,Jose Armando Resendiz vs Jaime Munguia,Jose Armando Resendiz,Jaime Munguia,Jose Armando Resendiz,BetOnline.ag,2.95,0.3552,4.79,0.02,2026-04-24T19:45:48
a8ce0fa205d8229a211754eec386b61f|Gilberto Ramirez|BetOnline.ag,a8ce0fa205d8229a211754eec386b61f,2026-05-03T03:00:00Z,boxing_boxing,Gilberto Ramirez vs David Benavidez,Gilberto Ramirez,David Benavidez,Gilberto Ramirez,BetOnline.ag,4.99,0.2076,3.61,0.01,2026-04-24T19:45:48
00b17950d5713024cb3b011e56cb2f58|Solomon Dacres|Betfair,00b17950d5713024cb3b011e56cb2f58,2026-05-09T20:00:00Z,boxing_boxing,Jared Anderson vs Solomon Dacres,Jared Anderson,Solomon Dacres,Solomon Dacres,Betfair,4.1,0.2632,7.89,0.03,2026-04-24T19:45:48
00b17950d5713024cb3b011e56cb2f58|Solomon Dacres|Betfair,00b17950d5713024cb3b011e56cb2f58,2026-05-09T20:00:00Z,boxing_boxing,Jared Anderson vs Solomon Dacres,Jared Anderson,Solomon Dacres,Solomon Dacres,Betfair,4.1,0.2632,7.89,0.03,2026-04-24T19:45:48
30ef422e4011f94920c5ab5ebf5323c7|Anthony Joshua|Coral,30ef422e4011f94920c5ab5ebf5323c7,2026-12-31T22:55:00Z,boxing_boxing,Anthony Joshua vs Tyson Fury,Anthony Joshua,Tyson Fury,Anthony Joshua,Coral,2.5,0.4209,5.23,0.03,2026-04-24T19:45:48
f02afc2144b7ee7577b4832b34c8a842|Matt Guymon|BetOnline.ag,f02afc2144b7ee7577b4832b34c8a842,2026-04-25T00:00:00Z,mma_mixed_martial_arts,Quentin Gaskin vs Matt Guymon,Quentin Gaskin,Matt Guymon,Matt Guymon,BetOnline.ag,3.7,0.292,8.05,0.03,2026-04-24T19:45:48
b390ef641a9cccfac91867957a84637e|Zebaztian Kadestam|BetOnline.ag,b390ef641a9cccfac91867957a84637e,2026-04-25T16:00:00Z,mma_mixed_martial_arts,Dominik Humburger vs Zebaztian Kadestam,Dominik Humburger,Zebaztian Kadestam,Zebaztian Kadestam,BetOnline.ag,3.25,0.3208,4.25,0.02,2026-04-24T19:45:48
69ad0ca0db8f4f188ea51a504006528e|Leon Armes|BetOnline.ag,69ad0ca0db8f4f188ea51a504006528e,2026-04-25T19:40:00Z,mma_mixed_martial_arts,Damon Donald vs Leon Armes,Damon Donald,Leon Armes,Leon Armes,BetOnline.ag,2.33,0.4717,9.91,0.07,2026-04-24T19:45:48
c0aba79416a727841a9bc74ba317e525|Lucas Brennan|Betfair,c0aba79416a727841a9bc74ba317e525,2026-04-25T21:00:00Z,mma_mixed_martial_arts,Francis Marshall vs Lucas Brennan,Francis Marshall,Lucas Brennan,Lucas Brennan,Betfair,5.5,0.1916,5.38,0.01,2026-04-24T19:45:48
c0aba79416a727841a9bc74ba317e525|Lucas Brennan|Betfair,c0aba79416a727841a9bc74ba317e525,2026-04-25T21:00:00Z,mma_mixed_martial_arts,Francis Marshall vs Lucas Brennan,Francis Marshall,Lucas Brennan,Lucas Brennan,Betfair,5.5,0.1916,5.38,0.01,2026-04-24T19:45:48
c0aba79416a727841a9bc74ba317e525|Lucas Brennan|Betsson,c0aba79416a727841a9bc74ba317e525,2026-04-25T21:00:00Z,mma_mixed_martial_arts,Francis Marshall vs Lucas Brennan,Francis Marshall,Lucas Brennan,Lucas Brennan,Betsson,5.55,0.1916,6.33,0.01,2026-04-24T19:45:48
c0aba79416a727841a9bc74ba317e525|Lucas Brennan|Nordic Bet,c0aba79416a727841a9bc74ba317e525,2026-04-25T21:00:00Z,mma_mixed_martial_arts,Francis Marshall vs Lucas Brennan,Francis Marshall,Lucas Brennan,Lucas Brennan,Nordic Bet,5.55,0.1916,6.33,0.01,2026-04-24T19:45:48
657d5a2a5693234ca1aa298a7ee4d977|Sedriques Dumas|Nordic Bet,657d5a2a5693234ca1aa298a7ee4d977,2026-04-25T21:00:00Z,mma_mixed_martial_arts,Jackson McVey vs Sedriques Dumas,Jackson McVey,Sedriques Dumas,Sedriques Dumas,Nordic Bet,2.75,0.3797,4.4,0.03,2026-04-24T19:45:48
657d5a2a5693234ca1aa298a7ee4d977|Sedriques Dumas|Betsson,657d5a2a5693234ca1aa298a7ee4d977,2026-04-25T21:00:00Z,mma_mixed_martial_arts,Jackson McVey vs Sedriques Dumas,Jackson McVey,Sedriques Dumas,Sedriques Dumas,Betsson,2.75,0.3797,4.4,0.03,2026-04-24T19:45:48
c625ba8faec8f1445c8543f1c0698f15|Mayra Bueno Silva|Betfair,c625ba8faec8f1445c8543f1c0698f15,2026-04-25T21:00:00Z,mma_mixed_martial_arts,Mayra Bueno Silva vs Michelle Montague,Mayra Bueno Silva,Michelle Montague,Mayra Bueno Silva,Betfair,4.4,0.2381,4.76,0.01,2026-04-24T19:45:48
c625ba8faec8f1445c8543f1c0698f15|Mayra Bueno Silva|Betfair,c625ba8faec8f1445c8543f1c0698f15,2026-04-25T21:00:00Z,mma_mixed_martial_arts,Mayra Bueno Silva vs Michelle Montague,Mayra Bueno Silva,Michelle Montague,Mayra Bueno Silva,Betfair,4.4,0.2381,4.76,0.01,2026-04-24T19:45:48
1e2535b41da42e943080f31ad43b4106|Justin Burlinson|BetOnline.ag,1e2535b41da42e943080f31ad43b4106,2026-04-25T21:45:00Z,mma_mixed_martial_arts,Sean Jr. Clancy vs Justin Burlinson,Sean Jr. Clancy,Justin Burlinson,Justin Burlinson,BetOnline.ag,3.75,0.292,9.51,0.03,2026-04-24T19:45:48
54e3384b808042a9f21b3139925a61c5|Joselyne Edwards|1xBet,54e3384b808042a9f21b3139925a61c5,2026-04-26T00:00:00Z,mma_mixed_martial_arts,Norma Dumont vs Joselyne Edwards,Norma Dumont,Joselyne Edwards,Joselyne Edwards,1xBet,2.88,0.3584,3.21,0.02,2026-04-24T19:45:48
54e3384b808042a9f21b3139925a61c5|Joselyne Edwards|Coolbet,54e3384b808042a9f21b3139925a61c5,2026-04-26T00:00:00Z,mma_mixed_martial_arts,Norma Dumont vs Joselyne Edwards,Norma Dumont,Joselyne Edwards,Joselyne Edwards,Coolbet,2.88,0.3584,3.21,0.02,2026-04-24T19:45:48
54e3384b808042a9f21b3139925a61c5|Joselyne Edwards|William Hill,54e3384b808042a9f21b3139925a61c5,2026-04-26T00:00:00Z,mma_mixed_martial_arts,Norma Dumont vs Joselyne Edwards,Norma Dumont,Joselyne Edwards,Joselyne Edwards,William Hill,2.9,0.3584,3.92,0.02,2026-04-24T19:45:48
2f4054240d75e5992a009c2eb2886288|Tim Elliott|Pinnacle,2f4054240d75e5992a009c2eb2886288,2026-05-02T11:00:00Z,mma_mixed_martial_arts,Tim Elliott vs Stephen Erceg,Tim Elliott,Stephen Erceg,Tim Elliott,Pinnacle,4.65,0.2393,11.27,0.03,2026-04-24T19:45:48
2f4054240d75e5992a009c2eb2886288|Tim Elliott|Betway,2f4054240d75e5992a009c2eb2886288,2026-05-02T11:00:00Z,mma_mixed_martial_arts,Tim Elliott vs Stephen Erceg,Tim Elliott,Stephen Erceg,Tim Elliott,Betway,4.33,0.2393,3.62,0.01,2026-04-24T19:45:48
2f1aabeeefbe5b02db96846ac879a6ae|Derrick Lewis|Coolbet,2f1aabeeefbe5b02db96846ac879a6ae,2026-06-15T00:00:00Z,mma_mixed_martial_arts,Derrick Lewis vs Josh Hokit,Derrick Lewis,Josh Hokit,Derrick Lewis,Coolbet,3.85,0.2812,8.26,0.03,2026-04-24T19:45:48
9cf76c6ecde4824965ca04da644dfefa|Kyle Daukaus|1xBet,9cf76c6ecde4824965ca04da644dfefa,2026-06-15T01:00:00Z,mma_mixed_martial_arts,Bo Nickal vs Kyle Daukaus,Bo Nickal,Kyle Daukaus,Kyle Daukaus,1xBet,3.75,0.2812,5.44,0.02,2026-04-24T19:45:48
54eb45b661945af7aa7da285a12e835c|Michael Chandler|Pinnacle,54eb45b661945af7aa7da285a12e835c,2026-06-15T01:30:00Z,mma_mixed_martial_arts,Mauricio Ruffy vs Michael Chandler,Mauricio Ruffy,Michael Chandler,Michael Chandler,Pinnacle,5.67,0.1837,4.14,0.01,2026-04-24T19:45:48
9f41c322eb6aa09683dc241cacc31d7c|Phoenix Suns|1xBet,9f41c322eb6aa09683dc241cacc31d7c,2026-04-25T19:40:00Z,basketball_nba,Phoenix Suns vs Oklahoma City Thunder,Phoenix Suns,Oklahoma City Thunder,Phoenix Suns,1xBet,4.62,0.2265,4.65,0.01,2026-04-24T19:45:48
6a0ed72213d8c7e22bbb6b99f4c102b5|Newcastle Knights|Winamax (DE),6a0ed72213d8c7e22bbb6b99f4c102b5,2026-04-26T04:00:00Z,rugbyleague_nrl,Newcastle Knights vs Penrith Panthers,Newcastle Knights,Penrith Panthers,Newcastle Knights,Winamax (DE),4.6,0.2316,6.53,0.02,2026-04-24T19:46:45
29d20ae02f53a206f4d445e796e13a5b|Draw|Unibet (SE),29d20ae02f53a206f4d445e796e13a5b,2026-04-26T00:30:00Z,soccer_argentina_primera_division,River Plate vs Aldosivi Mar del Plata,River Plate,Aldosivi Mar del Plata,Draw,Unibet (SE),5.1,0.2022,3.14,0.01,2026-04-24T19:46:45
528783c145f87a8a874574f057d0c879|Gimnasia Mendoza|Smarkets,528783c145f87a8a874574f057d0c879,2026-04-26T18:00:00Z,soccer_argentina_primera_division,Independiente Rivadavia vs Gimnasia Mendoza,Independiente Rivadavia,Gimnasia Mendoza,Gimnasia Mendoza,Smarkets,5.6,0.184,3.04,0.01,2026-04-24T19:46:45
528783c145f87a8a874574f057d0c879|Gimnasia Mendoza|Pinnacle,528783c145f87a8a874574f057d0c879,2026-04-26T18:00:00Z,soccer_argentina_primera_division,Independiente Rivadavia vs Gimnasia Mendoza,Independiente Rivadavia,Gimnasia Mendoza,Gimnasia Mendoza,Pinnacle,5.94,0.184,9.3,0.02,2026-04-24T19:46:45
528783c145f87a8a874574f057d0c879|Gimnasia Mendoza|Betfair,528783c145f87a8a874574f057d0c879,2026-04-26T18:00:00Z,soccer_argentina_primera_division,Independiente Rivadavia vs Gimnasia Mendoza,Independiente Rivadavia,Gimnasia Mendoza,Gimnasia Mendoza,Betfair,5.7,0.184,4.88,0.01,2026-04-24T19:46:45
528783c145f87a8a874574f057d0c879|Gimnasia Mendoza|Betfair,528783c145f87a8a874574f057d0c879,2026-04-26T18:00:00Z,soccer_argentina_primera_division,Independiente Rivadavia vs Gimnasia Mendoza,Independiente Rivadavia,Gimnasia Mendoza,Gimnasia Mendoza,Betfair,5.7,0.184,4.88,0.01,2026-04-24T19:46:45
528783c145f87a8a874574f057d0c879|Gimnasia Mendoza|Everygame,528783c145f87a8a874574f057d0c879,2026-04-26T18:00:00Z,soccer_argentina_primera_division,Independiente Rivadavia vs Gimnasia Mendoza,Independiente Rivadavia,Gimnasia Mendoza,Gimnasia Mendoza,Everygame,5.75,0.184,5.8,0.01,2026-04-24T19:46:45
528783c145f87a8a874574f057d0c879|Gimnasia Mendoza|Matchbook,528783c145f87a8a874574f057d0c879,2026-04-26T18:00:00Z,soccer_argentina_primera_division,Independiente Rivadavia vs Gimnasia Mendoza,Independiente Rivadavia,Gimnasia Mendoza,Gimnasia Mendoza,Matchbook,5.8,0.184,6.72,0.01,2026-04-24T19:46:45
fe9144f16b50cae926782c547f10c4d9|Gimnasia La Plata|Smarkets,fe9144f16b50cae926782c547f10c4d9,2026-04-26T20:30:00Z,soccer_argentina_primera_division,Belgrano de Cordoba vs Gimnasia La Plata,Belgrano de Cordoba,Gimnasia La Plata,Gimnasia La Plata,Smarkets,5.1,0.2024,3.22,0.01,2026-04-24T19:46:45
fe9144f16b50cae926782c547f10c4d9|Gimnasia La Plata|Betfair,fe9144f16b50cae926782c547f10c4d9,2026-04-26T20:30:00Z,soccer_argentina_primera_division,Belgrano de Cordoba vs Gimnasia La Plata,Belgrano de Cordoba,Gimnasia La Plata,Gimnasia La Plata,Betfair,5.2,0.2024,5.25,0.01,2026-04-24T19:46:45
fe9144f16b50cae926782c547f10c4d9|Gimnasia La Plata|Betfair,fe9144f16b50cae926782c547f10c4d9,2026-04-26T20:30:00Z,soccer_argentina_primera_division,Belgrano de Cordoba vs Gimnasia La Plata,Belgrano de Cordoba,Gimnasia La Plata,Gimnasia La Plata,Betfair,5.2,0.2024,5.25,0.01,2026-04-24T19:46:45
da0051b49d77f2e75356ec697b79b686|Banfield|Betfair,da0051b49d77f2e75356ec697b79b686,2026-04-26T23:00:00Z,soccer_argentina_primera_division,Atlético Tucuman vs Banfield,Atlético Tucuman,Banfield,Banfield,Betfair,4.1,0.2543,4.27,0.01,2026-04-24T19:46:45
da0051b49d77f2e75356ec697b79b686|Banfield|Betfair,da0051b49d77f2e75356ec697b79b686,2026-04-26T23:00:00Z,soccer_argentina_primera_division,Atlético Tucuman vs Banfield,Atlético Tucuman,Banfield,Banfield,Betfair,4.1,0.2543,4.27,0.01,2026-04-24T19:46:45
44764f3a7c087a1f160782b738393e85|Tommy Paul|Smarkets,44764f3a7c087a1f160782b738393e85,2026-04-24T18:20:00Z,tennis_atp_madrid_open,Thiago Agustin Tirante vs Tommy Paul,Thiago Agustin Tirante,Tommy Paul,Tommy Paul,Smarkets,2.78,0.3864,7.41,0.04,2026-04-24T19:46:45
44764f3a7c087a1f160782b738393e85|Tommy Paul|Coral,44764f3a7c087a1f160782b738393e85,2026-04-24T18:20:00Z,tennis_atp_madrid_open,Thiago Agustin Tirante vs Tommy Paul,Thiago Agustin Tirante,Tommy Paul,Tommy Paul,Coral,3.2,0.3333,6.67,0.03,2026-04-24T19:50:44
44764f3a7c087a1f160782b738393e85|Tommy Paul|Ladbrokes,44764f3a7c087a1f160782b738393e85,2026-04-24T18:20:00Z,tennis_atp_madrid_open,Thiago Agustin Tirante vs Tommy Paul,Thiago Agustin Tirante,Tommy Paul,Tommy Paul,Ladbrokes,3.2,0.3333,6.67,0.03,2026-04-24T19:50:44
58925930660363678d22de2b6b8ee4a9|Learner Tien|Betfair,58925930660363678d22de2b6b8ee4a9,2026-04-25T15:00:00Z,tennis_atp_madrid_open,Learner Tien vs Adolfo Daniel Vallejo,Learner Tien,Adolfo Daniel Vallejo,Learner Tien,Betfair,2.4,0.4315,3.57,0.03,2026-04-24T19:50:44
58925930660363678d22de2b6b8ee4a9|Learner Tien|Matchbook,58925930660363678d22de2b6b8ee4a9,2026-04-25T15:00:00Z,tennis_atp_madrid_open,Learner Tien vs Adolfo Daniel Vallejo,Learner Tien,Adolfo Daniel Vallejo,Learner Tien,Matchbook,2.4,0.4315,3.57,0.03,2026-04-24T19:50:44
49c453ef5a10a40ac03a4c538a65e8bb|Leonardo de Oliveira|BetOnline.ag,49c453ef5a10a40ac03a4c538a65e8bb,2026-04-25T18:25:00Z,mma_mixed_martial_arts,Igor Wojtas vs Leonardo de Oliveira,Igor Wojtas,Leonardo de Oliveira,Leonardo de Oliveira,BetOnline.ag,5.25,0.2028,6.46,0.02,2026-04-25T04:48:06
c625ba8faec8f1445c8543f1c0698f15|Mayra Bueno Silva|Matchbook,c625ba8faec8f1445c8543f1c0698f15,2026-04-25T22:50:00Z,mma_mixed_martial_arts,Mayra Bueno Silva vs Michelle Montague,Mayra Bueno Silva,Michelle Montague,Mayra Bueno Silva,Matchbook,4.5,0.2381,7.14,0.02,2026-04-25T04:48:06
3c6748aa1b40bddddf19f5deb5ee482b|Ryan Spann|Betfair,3c6748aa1b40bddddf19f5deb5ee482b,2026-04-26T00:15:00Z,mma_mixed_martial_arts,Marcus Buchecha vs Ryan Spann,Marcus Buchecha,Ryan Spann,Ryan Spann,Betfair,2.3,0.4517,3.89,0.03,2026-04-25T04:48:06
3c6748aa1b40bddddf19f5deb5ee482b|Ryan Spann|Betfair,3c6748aa1b40bddddf19f5deb5ee482b,2026-04-26T00:15:00Z,mma_mixed_martial_arts,Marcus Buchecha vs Ryan Spann,Marcus Buchecha,Ryan Spann,Ryan Spann,Betfair,2.3,0.4517,3.89,0.03,2026-04-25T04:48:06
1e972b73d422aa4cadb9185ca87c3c93|Alex Pereira|Betfair,1e972b73d422aa4cadb9185ca87c3c93,2026-06-15T02:30:00Z,mma_mixed_martial_arts,Alex Pereira vs Ciryl Gane,Alex Pereira,Ciryl Gane,Alex Pereira,Betfair,2.06,0.5026,3.54,0.03,2026-04-25T04:48:06
1e972b73d422aa4cadb9185ca87c3c93|Alex Pereira|Betfair,1e972b73d422aa4cadb9185ca87c3c93,2026-06-15T02:30:00Z,mma_mixed_martial_arts,Alex Pereira vs Ciryl Gane,Alex Pereira,Ciryl Gane,Alex Pereira,Betfair,2.06,0.5026,3.54,0.03,2026-04-25T04:48:06
ded447e4d272c401eb12e646a165021b|SSG Landers|BetOnline.ag,ded447e4d272c401eb12e646a165021b,2026-04-25T08:00:00Z,baseball_kbo,SSG Landers vs KT Wiz,SSG Landers,KT Wiz,SSG Landers,BetOnline.ag,2.23,0.4681,4.38,0.04,2026-04-25T04:48:06
6a0ed72213d8c7e22bbb6b99f4c102b5|Newcastle Knights|Betsson,6a0ed72213d8c7e22bbb6b99f4c102b5,2026-04-26T04:00:00Z,rugbyleague_nrl,Newcastle Knights vs Penrith Panthers,Newcastle Knights,Penrith Panthers,Newcastle Knights,Betsson,4.6,0.2288,5.25,0.01,2026-04-25T04:48:06
6a0ed72213d8c7e22bbb6b99f4c102b5|Newcastle Knights|Nordic Bet,6a0ed72213d8c7e22bbb6b99f4c102b5,2026-04-26T04:00:00Z,rugbyleague_nrl,Newcastle Knights vs Penrith Panthers,Newcastle Knights,Penrith Panthers,Newcastle Knights,Nordic Bet,4.6,0.2288,5.25,0.01,2026-04-25T04:48:06
29d20ae02f53a206f4d445e796e13a5b|Draw|Matchbook,29d20ae02f53a206f4d445e796e13a5b,2026-04-26T00:30:00Z,soccer_argentina_primera_division,River Plate vs Aldosivi Mar del Plata,River Plate,Aldosivi Mar del Plata,Draw,Matchbook,5.1,0.2028,3.41,0.01,2026-04-25T04:48:06
fe9144f16b50cae926782c547f10c4d9|Gimnasia La Plata|Matchbook,fe9144f16b50cae926782c547f10c4d9,2026-04-26T20:30:00Z,soccer_argentina_primera_division,Belgrano de Cordoba vs Gimnasia La Plata,Belgrano de Cordoba,Gimnasia La Plata,Gimnasia La Plata,Matchbook,5.2,0.2023,5.2,0.01,2026-04-25T04:48:06
da0051b49d77f2e75356ec697b79b686|Banfield|Matchbook,da0051b49d77f2e75356ec697b79b686,2026-04-26T23:00:00Z,soccer_argentina_primera_division,Atlético Tucuman vs Banfield,Atlético Tucuman,Banfield,Banfield,Matchbook,4.1,0.2543,4.27,0.01,2026-04-25T04:48:06
182bc4336f49587957446a765c33ac2b|Yannick Hanfmann|Betfair,182bc4336f49587957446a765c33ac2b,2026-04-25T09:00:00Z,tennis_atp_madrid_open,Francisco Cerundolo vs Yannick Hanfmann,Francisco Cerundolo,Yannick Hanfmann,Yannick Hanfmann,Betfair,3.5,0.2967,3.85,0.02,2026-04-25T04:48:06
182bc4336f49587957446a765c33ac2b|Yannick Hanfmann|Betfair,182bc4336f49587957446a765c33ac2b,2026-04-25T09:00:00Z,tennis_atp_madrid_open,Francisco Cerundolo vs Yannick Hanfmann,Francisco Cerundolo,Yannick Hanfmann,Yannick Hanfmann,Betfair,3.5,0.2967,3.85,0.02,2026-04-25T04:48:06
182bc4336f49587957446a765c33ac2b|Yannick Hanfmann|Matchbook,182bc4336f49587957446a765c33ac2b,2026-04-25T09:00:00Z,tennis_atp_madrid_open,Francisco Cerundolo vs Yannick Hanfmann,Francisco Cerundolo,Yannick Hanfmann,Yannick Hanfmann,Matchbook,3.5,0.2967,3.85,0.02,2026-04-25T04:48:06
22ab7e06a6482e6de3724ac8bc354df2|Brandon Nakashima|Betfair,22ab7e06a6482e6de3724ac8bc354df2,2026-04-25T12:00:00Z,tennis_atp_madrid_open,Brandon Nakashima vs Alexander Blockx,Brandon Nakashima,Alexander Blockx,Brandon Nakashima,Betfair,2.34,0.4503,5.36,0.04,2026-04-25T04:48:06
22ab7e06a6482e6de3724ac8bc354df2|Brandon Nakashima|Betfair,22ab7e06a6482e6de3724ac8bc354df2,2026-04-25T12:00:00Z,tennis_atp_madrid_open,Brandon Nakashima vs Alexander Blockx,Brandon Nakashima,Alexander Blockx,Brandon Nakashima,Betfair,2.34,0.4503,5.36,0.04,2026-04-25T04:48:06
22ab7e06a6482e6de3724ac8bc354df2|Brandon Nakashima|Matchbook,22ab7e06a6482e6de3724ac8bc354df2,2026-04-25T12:00:00Z,tennis_atp_madrid_open,Brandon Nakashima vs Alexander Blockx,Brandon Nakashima,Alexander Blockx,Brandon Nakashima,Matchbook,2.34,0.4503,5.36,0.04,2026-04-25T04:48:06
22ab7e06a6482e6de3724ac8bc354df2|Brandon Nakashima|Smarkets,22ab7e06a6482e6de3724ac8bc354df2,2026-04-25T12:00:00Z,tennis_atp_madrid_open,Brandon Nakashima vs Alexander Blockx,Brandon Nakashima,Alexander Blockx,Brandon Nakashima,Smarkets,2.3,0.4503,3.56,0.03,2026-04-25T04:48:06
22ab7e06a6482e6de3724ac8bc354df2|Brandon Nakashima|Paddy Power,22ab7e06a6482e6de3724ac8bc354df2,2026-04-25T12:00:00Z,tennis_atp_madrid_open,Brandon Nakashima vs Alexander Blockx,Brandon Nakashima,Alexander Blockx,Brandon Nakashima,Paddy Power,2.3,0.4503,3.56,0.03,2026-04-25T04:48:06
58925930660363678d22de2b6b8ee4a9|Learner Tien|Smarkets,58925930660363678d22de2b6b8ee4a9,2026-04-25T15:00:00Z,tennis_atp_madrid_open,Learner Tien vs Adolfo Daniel Vallejo,Learner Tien,Adolfo Daniel Vallejo,Learner Tien,Smarkets,2.4,0.4315,3.57,0.03,2026-04-25T04:48:06
3d9d06152928e4cdf7f494409694de2d|Stefanos Tsitsipas|Betfair,3d9d06152928e4cdf7f494409694de2d,2026-04-25T19:30:00Z,tennis_atp_madrid_open,Alexander Bublik vs Stefanos Tsitsipas,Alexander Bublik,Stefanos Tsitsipas,Stefanos Tsitsipas,Betfair,2.66,0.399,6.13,0.04,2026-04-25T04:48:06
3d9d06152928e4cdf7f494409694de2d|Stefanos Tsitsipas|Betfair,3d9d06152928e4cdf7f494409694de2d,2026-04-25T19:30:00Z,tennis_atp_madrid_open,Alexander Bublik vs Stefanos Tsitsipas,Alexander Bublik,Stefanos Tsitsipas,Stefanos Tsitsipas,Betfair,2.66,0.399,6.13,0.04,2026-04-25T04:48:06
3d9d06152928e4cdf7f494409694de2d|Stefanos Tsitsipas|Smarkets,3d9d06152928e4cdf7f494409694de2d,2026-04-25T19:30:00Z,tennis_atp_madrid_open,Alexander Bublik vs Stefanos Tsitsipas,Alexander Bublik,Stefanos Tsitsipas,Stefanos Tsitsipas,Smarkets,2.64,0.399,5.33,0.03,2026-04-25T04:48:06
3d9d06152928e4cdf7f494409694de2d|Stefanos Tsitsipas|Matchbook,3d9d06152928e4cdf7f494409694de2d,2026-04-25T19:30:00Z,tennis_atp_madrid_open,Alexander Bublik vs Stefanos Tsitsipas,Alexander Bublik,Stefanos Tsitsipas,Stefanos Tsitsipas,Matchbook,2.66,0.399,6.13,0.04,2026-04-25T04:48:06
e16af22e69c257bb330d4be8e8b72931|Tallon Griekspoor|Betfair,e16af22e69c257bb330d4be8e8b72931,2026-04-26T09:00:00Z,tennis_atp_madrid_open,Tallon Griekspoor vs Lorenzo Musetti,Tallon Griekspoor,Lorenzo Musetti,Tallon Griekspoor,Betfair,4.1,0.2555,4.77,0.02,2026-04-25T04:48:06
e16af22e69c257bb330d4be8e8b72931|Tallon Griekspoor|Betfair,e16af22e69c257bb330d4be8e8b72931,2026-04-26T09:00:00Z,tennis_atp_madrid_open,Tallon Griekspoor vs Lorenzo Musetti,Tallon Griekspoor,Lorenzo Musetti,Tallon Griekspoor,Betfair,4.1,0.2555,4.77,0.02,2026-04-25T04:48:06
3f693b50c9b137ad05195d2142ef81a4|Adelaide Crows|Pinnacle,3f693b50c9b137ad05195d2142ef81a4,2026-04-26T05:15:44Z,aussierules_afl,Brisbane Lions vs Adelaide Crows,Brisbane Lions,Adelaide Crows,Adelaide Crows,Pinnacle,3.7,0.2857,5.71,0.02,2026-04-25T04:48:06
9f41c322eb6aa09683dc241cacc31d7c|Phoenix Suns|Betfair,9f41c322eb6aa09683dc241cacc31d7c,2026-04-25T19:40:00Z,basketball_nba,Phoenix Suns vs Oklahoma City Thunder,Phoenix Suns,Oklahoma City Thunder,Phoenix Suns,Betfair,4.6,0.2279,4.85,0.01,2026-04-25T04:48:06
9f41c322eb6aa09683dc241cacc31d7c|Phoenix Suns|Betfair,9f41c322eb6aa09683dc241cacc31d7c,2026-04-25T19:40:00Z,basketball_nba,Phoenix Suns vs Oklahoma City Thunder,Phoenix Suns,Oklahoma City Thunder,Phoenix Suns,Betfair,4.6,0.2279,4.85,0.01,2026-04-25T04:48:06
9f41c322eb6aa09683dc241cacc31d7c|Phoenix Suns|Matchbook,9f41c322eb6aa09683dc241cacc31d7c,2026-04-25T19:40:00Z,basketball_nba,Phoenix Suns vs Oklahoma City Thunder,Phoenix Suns,Oklahoma City Thunder,Phoenix Suns,Matchbook,4.6,0.2279,4.85,0.01,2026-04-25T04:48:06
62dc6619019d4366984883a71b283077|Philadelphia 76ers|1xBet,62dc6619019d4366984883a71b283077,2026-04-26T23:10:00Z,basketball_nba,Philadelphia 76ers vs Boston Celtics,Philadelphia 76ers,Boston Celtics,Philadelphia 76ers,1xBet,3.67,0.2919,7.14,0.03,2026-04-25T04:48:06
ded447e4d272c401eb12e646a165021b|KT Wiz|Betway,ded447e4d272c401eb12e646a165021b,2026-04-25T08:00:00Z,baseball_kbo,SSG Landers vs KT Wiz,SSG Landers,KT Wiz,KT Wiz,Betway,2.2,0.4759,4.71,0.04,2026-04-25T08:51:33
f979f7c01f1542d2886825e625fdc2c6|Kiwoom Heroes|Pinnacle,f979f7c01f1542d2886825e625fdc2c6,2026-04-25T08:00:00Z,baseball_kbo,Kiwoom Heroes vs Samsung Lions,Kiwoom Heroes,Samsung Lions,Kiwoom Heroes,Pinnacle,3.99,0.2857,14.0,0.05,2026-04-25T08:51:33
f979f7c01f1542d2886825e625fdc2c6|Kiwoom Heroes|MyBookie.ag,f979f7c01f1542d2886825e625fdc2c6,2026-04-25T08:00:00Z,baseball_kbo,Kiwoom Heroes vs Samsung Lions,Kiwoom Heroes,Samsung Lions,Kiwoom Heroes,MyBookie.ag,3.75,0.2857,7.14,0.03,2026-04-25T08:51:33
35a9e779a8a1a2a3c24874f24c64a0c1|Cleveland Monsters|GTbets,35a9e779a8a1a2a3c24874f24c64a0c1,2026-04-26T20:00:00Z,icehockey_ahl,Cleveland Monsters vs Syracuse Crunch,Cleveland Monsters,Syracuse Crunch,Cleveland Monsters,GTbets,2.7,0.3876,4.65,0.03,2026-04-25T08:51:33
528783c145f87a8a874574f057d0c879|Gimnasia Mendoza|Nordic Bet,528783c145f87a8a874574f057d0c879,2026-04-26T18:00:00Z,soccer_argentina_primera_division,Independiente Rivadavia vs Gimnasia Mendoza,Independiente Rivadavia,Gimnasia Mendoza,Gimnasia Mendoza,Nordic Bet,5.85,0.1764,3.21,0.01,2026-04-25T08:51:33
528783c145f87a8a874574f057d0c879|Gimnasia Mendoza|Betsson,528783c145f87a8a874574f057d0c879,2026-04-26T18:00:00Z,soccer_argentina_primera_division,Independiente Rivadavia vs Gimnasia Mendoza,Independiente Rivadavia,Gimnasia Mendoza,Gimnasia Mendoza,Betsson,5.85,0.1764,3.21,0.01,2026-04-25T08:51:33
5e3ed97a4087084bdfff2683bcfd2d49|Eric McConico|Pinnacle,5e3ed97a4087084bdfff2683bcfd2d49,2026-04-25T23:40:00Z,mma_mixed_martial_arts,Rodolfo Vieira vs Eric McConico,Rodolfo Vieira,Eric McConico,Eric McConico,Pinnacle,3.64,0.2842,3.44,0.01,2026-04-25T08:51:33
5e3ed97a4087084bdfff2683bcfd2d49|Eric McConico|Betfair,5e3ed97a4087084bdfff2683bcfd2d49,2026-04-25T23:40:00Z,mma_mixed_martial_arts,Rodolfo Vieira vs Eric McConico,Rodolfo Vieira,Eric McConico,Eric McConico,Betfair,3.65,0.2842,3.73,0.01,2026-04-25T08:51:33
5e3ed97a4087084bdfff2683bcfd2d49|Eric McConico|Betfair,5e3ed97a4087084bdfff2683bcfd2d49,2026-04-25T23:40:00Z,mma_mixed_martial_arts,Rodolfo Vieira vs Eric McConico,Rodolfo Vieira,Eric McConico,Eric McConico,Betfair,3.65,0.2842,3.73,0.01,2026-04-25T08:51:33
5e3ed97a4087084bdfff2683bcfd2d49|Eric McConico|BetAnything,5e3ed97a4087084bdfff2683bcfd2d49,2026-04-25T23:40:00Z,mma_mixed_martial_arts,Rodolfo Vieira vs Eric McConico,Rodolfo Vieira,Eric McConico,Eric McConico,BetAnything,3.65,0.2842,3.73,0.01,2026-04-25T08:51:33
2259acc08cdedd31fadfe5c7ecd499cd|Raoni Barcelos|Betfair,2259acc08cdedd31fadfe5c7ecd499cd,2026-04-26T00:45:00Z,mma_mixed_martial_arts,Montel Jackson vs Raoni Barcelos,Montel Jackson,Raoni Barcelos,Raoni Barcelos,Betfair,2.72,0.3797,3.27,0.02,2026-04-25T08:51:33
2259acc08cdedd31fadfe5c7ecd499cd|Raoni Barcelos|Betfair,2259acc08cdedd31fadfe5c7ecd499cd,2026-04-26T00:45:00Z,mma_mixed_martial_arts,Montel Jackson vs Raoni Barcelos,Montel Jackson,Raoni Barcelos,Raoni Barcelos,Betfair,2.72,0.3797,3.27,0.02,2026-04-25T08:51:33
603c2116df1a33656747844818613243|Adrian Luna Martinetti|Betfair,603c2116df1a33656747844818613243,2026-04-26T01:15:00Z,mma_mixed_martial_arts,Davey Grant vs Adrian Luna Martinetti,Davey Grant,Adrian Luna Martinetti,Adrian Luna Martinetti,Betfair,2.12,0.4868,3.21,0.03,2026-04-25T08:51:33
603c2116df1a33656747844818613243|Adrian Luna Martinetti|Betfair,603c2116df1a33656747844818613243,2026-04-26T01:15:00Z,mma_mixed_martial_arts,Davey Grant vs Adrian Luna Martinetti,Davey Grant,Adrian Luna Martinetti,Adrian Luna Martinetti,Betfair,2.12,0.4868,3.21,0.03,2026-04-25T08:51:33
5c7d9ec8f1e95d64bcead567c0946c1d|Beneil Dariush|Pinnacle,5c7d9ec8f1e95d64bcead567c0946c1d,2026-05-02T08:00:00Z,mma_mixed_martial_arts,Quillan Salkilld vs Beneil Dariush,Quillan Salkilld,Beneil Dariush,Beneil Dariush,Pinnacle,4.86,0.2162,5.08,0.01,2026-04-25T08:51:33
d94d967f8600a3fb8b869f32c31a7357|Toronto Raptors|Betfair,d94d967f8600a3fb8b869f32c31a7357,2026-04-26T17:10:00Z,basketball_nba,Toronto Raptors vs Cleveland Cavaliers,Toronto Raptors,Cleveland Cavaliers,Toronto Raptors,Betfair,2.52,0.4118,3.76,0.02,2026-04-25T08:51:33
d94d967f8600a3fb8b869f32c31a7357|Toronto Raptors|Betfair,d94d967f8600a3fb8b869f32c31a7357,2026-04-26T17:10:00Z,basketball_nba,Toronto Raptors vs Cleveland Cavaliers,Toronto Raptors,Cleveland Cavaliers,Toronto Raptors,Betfair,2.52,0.4118,3.76,0.02,2026-04-25T08:51:33
d94d967f8600a3fb8b869f32c31a7357|Toronto Raptors|Matchbook,d94d967f8600a3fb8b869f32c31a7357,2026-04-26T17:10:00Z,basketball_nba,Toronto Raptors vs Cleveland Cavaliers,Toronto Raptors,Cleveland Cavaliers,Toronto Raptors,Matchbook,2.52,0.4118,3.76,0.02,2026-04-25T08:51:33
0cab123e90bdf5d1d144a7e26ebc339c|Portland Trail Blazers|Smarkets,0cab123e90bdf5d1d144a7e26ebc339c,2026-04-26T19:40:00Z,basketball_nba,Portland Trail Blazers vs San Antonio Spurs,Portland Trail Blazers,San Antonio Spurs,Portland Trail Blazers,Smarkets,2.9,0.3627,5.2,0.03,2026-04-25T08:51:33
0cab123e90bdf5d1d144a7e26ebc339c|Portland Trail Blazers|GTbets,0cab123e90bdf5d1d144a7e26ebc339c,2026-04-26T19:40:00Z,basketball_nba,Portland Trail Blazers vs San Antonio Spurs,Portland Trail Blazers,San Antonio Spurs,Portland Trail Blazers,GTbets,2.85,0.3627,3.38,0.02,2026-04-25T08:51:33
0cab123e90bdf5d1d144a7e26ebc339c|Portland Trail Blazers|Pinnacle,0cab123e90bdf5d1d144a7e26ebc339c,2026-04-26T19:40:00Z,basketball_nba,Portland Trail Blazers vs San Antonio Spurs,Portland Trail Blazers,San Antonio Spurs,Portland Trail Blazers,Pinnacle,2.87,0.3627,4.11,0.02,2026-04-25T08:51:33
0cab123e90bdf5d1d144a7e26ebc339c|Portland Trail Blazers|Betfair,0cab123e90bdf5d1d144a7e26ebc339c,2026-04-26T19:40:00Z,basketball_nba,Portland Trail Blazers vs San Antonio Spurs,Portland Trail Blazers,San Antonio Spurs,Portland Trail Blazers,Betfair,2.92,0.3627,5.92,0.03,2026-04-25T08:51:33
0cab123e90bdf5d1d144a7e26ebc339c|Portland Trail Blazers|Betfair,0cab123e90bdf5d1d144a7e26ebc339c,2026-04-26T19:40:00Z,basketball_nba,Portland Trail Blazers vs San Antonio Spurs,Portland Trail Blazers,San Antonio Spurs,Portland Trail Blazers,Betfair,2.92,0.3627,5.92,0.03,2026-04-25T08:51:33
599291983e6dc9666b563e9e16aeb0e2|Adam Walton|Smarkets,599291983e6dc9666b563e9e16aeb0e2,2026-04-25T09:25:00Z,tennis_atp_madrid_open,Karen Khachanov vs Adam Walton,Karen Khachanov,Adam Walton,Adam Walton,Smarkets,5.0,0.2157,7.84,0.02,2026-04-25T08:51:33
5fed3b3e2f0d002009241768fc0c29f7|Pablo Carreno Busta|Betfair,5fed3b3e2f0d002009241768fc0c29f7,2026-04-25T09:25:00Z,tennis_atp_madrid_open,Alejandro Davidovich Fokina vs Pablo Carreno Busta,Alejandro Davidovich Fokina,Pablo Carreno Busta,Pablo Carreno Busta,Betfair,3.0,0.3584,7.51,0.04,2026-04-25T08:51:33
5fed3b3e2f0d002009241768fc0c29f7|Pablo Carreno Busta|Betfair,5fed3b3e2f0d002009241768fc0c29f7,2026-04-25T09:25:00Z,tennis_atp_madrid_open,Alejandro Davidovich Fokina vs Pablo Carreno Busta,Alejandro Davidovich Fokina,Pablo Carreno Busta,Pablo Carreno Busta,Betfair,3.0,0.3584,7.51,0.04,2026-04-25T08:51:33
5fed3b3e2f0d002009241768fc0c29f7|Pablo Carreno Busta|Matchbook,5fed3b3e2f0d002009241768fc0c29f7,2026-04-25T09:25:00Z,tennis_atp_madrid_open,Alejandro Davidovich Fokina vs Pablo Carreno Busta,Alejandro Davidovich Fokina,Pablo Carreno Busta,Pablo Carreno Busta,Matchbook,3.0,0.3584,7.51,0.04,2026-04-25T08:51:33
5fed3b3e2f0d002009241768fc0c29f7|Pablo Carreno Busta|Smarkets,5fed3b3e2f0d002009241768fc0c29f7,2026-04-25T09:25:00Z,tennis_atp_madrid_open,Alejandro Davidovich Fokina vs Pablo Carreno Busta,Alejandro Davidovich Fokina,Pablo Carreno Busta,Pablo Carreno Busta,Smarkets,2.98,0.3584,6.79,0.03,2026-04-25T08:51:33
4d00030b50eddb76d27e363557280bc6|Jaume Munar|Betfair,4d00030b50eddb76d27e363557280bc6,2026-04-25T10:30:00Z,tennis_atp_madrid_open,Jaume Munar vs Casper Ruud,Jaume Munar,Casper Ruud,Jaume Munar,Betfair,3.2,0.3295,5.43,0.02,2026-04-25T08:51:33
4d00030b50eddb76d27e363557280bc6|Jaume Munar|Betfair,4d00030b50eddb76d27e363557280bc6,2026-04-25T10:30:00Z,tennis_atp_madrid_open,Jaume Munar vs Casper Ruud,Jaume Munar,Casper Ruud,Jaume Munar,Betfair,3.2,0.3295,5.43,0.02,2026-04-25T08:51:33
4d00030b50eddb76d27e363557280bc6|Jaume Munar|Matchbook,4d00030b50eddb76d27e363557280bc6,2026-04-25T10:30:00Z,tennis_atp_madrid_open,Jaume Munar vs Casper Ruud,Jaume Munar,Casper Ruud,Jaume Munar,Matchbook,3.2,0.3295,5.43,0.02,2026-04-25T08:51:33
321062d5453eabc574404b03be6c0ce9|Ugo Humbert|Betfair,321062d5453eabc574404b03be6c0ce9,2026-04-25T12:00:00Z,tennis_atp_madrid_open,Ugo Humbert vs Terence Atmane,Ugo Humbert,Terence Atmane,Ugo Humbert,Betfair,2.3,0.4517,3.89,0.03,2026-04-25T08:51:33
321062d5453eabc574404b03be6c0ce9|Ugo Humbert|Betfair,321062d5453eabc574404b03be6c0ce9,2026-04-25T12:00:00Z,tennis_atp_madrid_open,Ugo Humbert vs Terence Atmane,Ugo Humbert,Terence Atmane,Ugo Humbert,Betfair,2.3,0.4517,3.89,0.03,2026-04-25T08:51:33
73df6bbdec9d5310ae64a772ba0d05a4|Mariano Navone|Pinnacle,73df6bbdec9d5310ae64a772ba0d05a4,2026-04-25T14:00:00Z,tennis_atp_madrid_open,Mariano Navone vs Alexander Zverev,Mariano Navone,Alexander Zverev,Mariano Navone,Pinnacle,4.55,0.2265,3.07,0.01,2026-04-25T08:51:33
8b45b7c384ea73d5baadc160b8729234|Emilio Nava|Smarkets,8b45b7c384ea73d5baadc160b8729234,2026-04-26T09:00:00Z,tennis_atp_madrid_open,Arthur Fils vs Emilio Nava,Arthur Fils,Emilio Nava,Emilio Nava,Smarkets,6.0,0.1756,5.34,0.01,2026-04-25T08:51:33
8b45b7c384ea73d5baadc160b8729234|Emilio Nava|Pinnacle,8b45b7c384ea73d5baadc160b8729234,2026-04-26T09:00:00Z,tennis_atp_madrid_open,Arthur Fils vs Emilio Nava,Arthur Fils,Emilio Nava,Emilio Nava,Pinnacle,6.0,0.1756,5.34,0.01,2026-04-25T08:51:33
ee929f6b6d9500fb8c91bbaac8d71794|Jose Armando Resendiz|LowVig.ag,ee929f6b6d9500fb8c91bbaac8d71794,2026-05-02T21:00:00Z,boxing_boxing,Jose Armando Resendiz vs Jaime Munguia,Jose Armando Resendiz,Jaime Munguia,Jose Armando Resendiz,LowVig.ag,2.95,0.3552,4.79,0.02,2026-04-25T09:42:38
a8ce0fa205d8229a211754eec386b61f|Gilberto Ramirez|LowVig.ag,a8ce0fa205d8229a211754eec386b61f,2026-05-03T03:00:00Z,boxing_boxing,Gilberto Ramirez vs David Benavidez,Gilberto Ramirez,David Benavidez,Gilberto Ramirez,LowVig.ag,4.99,0.2076,3.61,0.01,2026-04-25T09:42:38
4969bfe58f66839e8238446ec144820c|Lourdes Juarez|FanDuel,4969bfe58f66839e8238446ec144820c,2026-05-31T01:00:00Z,boxing_boxing,Lourdes Juarez vs Yokasta Valle,Lourdes Juarez,Yokasta Valle,Lourdes Juarez,FanDuel,4.3,0.2477,6.53,0.02,2026-04-25T09:42:38
7e5b68e2ba1f5fc01f6a8e8bb2affb06|Xander Zayas|FanDuel,7e5b68e2ba1f5fc01f6a8e8bb2affb06,2026-06-28T03:00:00Z,boxing_boxing,Xander Zayas vs Jaron Ennis,Xander Zayas,Jaron Ennis,Xander Zayas,FanDuel,4.0,0.2678,7.14,0.02,2026-04-25T09:42:38
b0b5913dc851beadda9f86f70114616b|Talleres|Matchbook,b0b5913dc851beadda9f86f70114616b,2026-04-25T20:00:00Z,soccer_argentina_primera_division,Estudiantes vs Talleres,Estudiantes,Talleres,Talleres,Matchbook,4.2,0.2478,4.07,0.01,2026-04-25T09:42:38
3808c47c5ec11eb0f00dd8e079a69b82|Mateusz Strzelczyk|BetOnline.ag,3808c47c5ec11eb0f00dd8e079a69b82,2026-04-25T16:00:00Z,mma_mixed_martial_arts,Mateusz Strzelczyk vs Vojtech Garba,Mateusz Strzelczyk,Vojtech Garba,Mateusz Strzelczyk,BetOnline.ag,1.62,0.6478,4.94,0.08,2026-04-25T09:42:38
c625ba8faec8f1445c8543f1c0698f15|Mayra Bueno Silva|BetMGM,c625ba8faec8f1445c8543f1c0698f15,2026-04-25T22:50:00Z,mma_mixed_martial_arts,Mayra Bueno Silva vs Michelle Montague,Mayra Bueno Silva,Michelle Montague,Mayra Bueno Silva,BetMGM,4.4,0.2381,4.76,0.01,2026-04-25T09:42:38
5e3ed97a4087084bdfff2683bcfd2d49|Eric McConico|BetUS,5e3ed97a4087084bdfff2683bcfd2d49,2026-04-25T23:40:00Z,mma_mixed_martial_arts,Rodolfo Vieira vs Eric McConico,Rodolfo Vieira,Eric McConico,Eric McConico,BetUS,3.76,0.2812,5.73,0.02,2026-04-25T09:42:38
b0b5913dc851beadda9f86f70114616b|Talleres|Betfair,b0b5913dc851beadda9f86f70114616b,2026-04-25T20:00:00Z,soccer_argentina_primera_division,Estudiantes vs Talleres,Estudiantes,Talleres,Talleres,Betfair,4.2,0.2478,4.07,0.01,2026-04-25T10:08:03
b0b5913dc851beadda9f86f70114616b|Talleres|Betfair,b0b5913dc851beadda9f86f70114616b,2026-04-25T20:00:00Z,soccer_argentina_primera_division,Estudiantes vs Talleres,Estudiantes,Talleres,Talleres,Betfair,4.2,0.2478,4.07,0.01,2026-04-25T10:08:03
9f41c322eb6aa09683dc241cacc31d7c|Phoenix Suns|Smarkets,9f41c322eb6aa09683dc241cacc31d7c,2026-04-25T19:40:00Z,basketball_nba,Phoenix Suns vs Oklahoma City Thunder,Phoenix Suns,Oklahoma City Thunder,Phoenix Suns,Smarkets,4.6,0.2301,5.83,0.02,2026-04-25T13:14:06
0cab123e90bdf5d1d144a7e26ebc339c|Portland Trail Blazers|1xBet,0cab123e90bdf5d1d144a7e26ebc339c,2026-04-26T19:40:00Z,basketball_nba,Portland Trail Blazers vs San Antonio Spurs,Portland Trail Blazers,San Antonio Spurs,Portland Trail Blazers,1xBet,2.93,0.3568,4.54,0.02,2026-04-25T13:14:06
399d2e69e4408801d09e614c88779989|Los Angeles Lakers|1xBet,399d2e69e4408801d09e614c88779989,2026-04-27T01:40:00Z,basketball_nba,Houston Rockets vs Los Angeles Lakers,Houston Rockets,Los Angeles Lakers,Los Angeles Lakers,1xBet,2.77,0.3735,3.45,0.02,2026-04-25T13:14:06
22ab7e06a6482e6de3724ac8bc354df2|Alexander Blockx|Betfair,22ab7e06a6482e6de3724ac8bc354df2,2026-04-25T12:25:00Z,tennis_atp_madrid_open,Brandon Nakashima vs Alexander Blockx,Brandon Nakashima,Alexander Blockx,Alexander Blockx,Betfair,3.3,0.3405,12.37,0.05,2026-04-25T13:14:06
22ab7e06a6482e6de3724ac8bc354df2|Alexander Blockx|Bet Victor,22ab7e06a6482e6de3724ac8bc354df2,2026-04-25T12:25:00Z,tennis_atp_madrid_open,Brandon Nakashima vs Alexander Blockx,Brandon Nakashima,Alexander Blockx,Alexander Blockx,Bet Victor,3.2,0.3405,8.97,0.04,2026-04-25T13:14:06
22ab7e06a6482e6de3724ac8bc354df2|Alexander Blockx|DraftKings,22ab7e06a6482e6de3724ac8bc354df2,2026-04-25T12:25:00Z,tennis_atp_madrid_open,Brandon Nakashima vs Alexander Blockx,Brandon Nakashima,Alexander Blockx,Alexander Blockx,DraftKings,3.03,0.3405,3.18,0.02,2026-04-25T13:14:06
22ab7e06a6482e6de3724ac8bc354df2|Alexander Blockx|Smarkets,22ab7e06a6482e6de3724ac8bc354df2,2026-04-25T12:25:00Z,tennis_atp_madrid_open,Brandon Nakashima vs Alexander Blockx,Brandon Nakashima,Alexander Blockx,Alexander Blockx,Smarkets,3.15,0.3405,7.27,0.03,2026-04-25T13:14:06
22ab7e06a6482e6de3724ac8bc354df2|Alexander Blockx|Unibet (UK),22ab7e06a6482e6de3724ac8bc354df2,2026-04-25T12:25:00Z,tennis_atp_madrid_open,Brandon Nakashima vs Alexander Blockx,Brandon Nakashima,Alexander Blockx,Alexander Blockx,Unibet (UK),3.15,0.3405,7.27,0.03,2026-04-25T13:14:06
22ab7e06a6482e6de3724ac8bc354df2|Alexander Blockx|FanDuel,22ab7e06a6482e6de3724ac8bc354df2,2026-04-25T12:25:00Z,tennis_atp_madrid_open,Brandon Nakashima vs Alexander Blockx,Brandon Nakashima,Alexander Blockx,Alexander Blockx,FanDuel,3.1,0.3405,5.56,0.03,2026-04-25T13:14:06
22ab7e06a6482e6de3724ac8bc354df2|Alexander Blockx|Betclic (FR),22ab7e06a6482e6de3724ac8bc354df2,2026-04-25T12:25:00Z,tennis_atp_madrid_open,Brandon Nakashima vs Alexander Blockx,Brandon Nakashima,Alexander Blockx,Alexander Blockx,Betclic (FR),3.05,0.3405,3.86,0.02,2026-04-25T13:14:06
73df6bbdec9d5310ae64a772ba0d05a4|Mariano Navone|Winamax (DE),73df6bbdec9d5310ae64a772ba0d05a4,2026-04-25T14:00:00Z,tennis_atp_madrid_open,Mariano Navone vs Alexander Zverev,Mariano Navone,Alexander Zverev,Mariano Navone,Winamax (DE),4.9,0.2255,10.49,0.03,2026-04-25T13:14:06
73df6bbdec9d5310ae64a772ba0d05a4|Mariano Navone|Winamax (FR),73df6bbdec9d5310ae64a772ba0d05a4,2026-04-25T14:00:00Z,tennis_atp_madrid_open,Mariano Navone vs Alexander Zverev,Mariano Navone,Alexander Zverev,Mariano Navone,Winamax (FR),4.7,0.2255,5.98,0.02,2026-04-25T13:14:06
73df6bbdec9d5310ae64a772ba0d05a4|Mariano Navone|FanDuel,73df6bbdec9d5310ae64a772ba0d05a4,2026-04-25T14:00:00Z,tennis_atp_madrid_open,Mariano Navone vs Alexander Zverev,Mariano Navone,Alexander Zverev,Mariano Navone,FanDuel,4.6,0.2255,3.72,0.01,2026-04-25T13:14:06
49005ae2f0c814ac6942eff255d6366e|Alex Michelsen|Matchbook,49005ae2f0c814ac6942eff255d6366e,2026-04-26T09:00:00Z,tennis_atp_madrid_open,Jiri Lehecka vs Alex Michelsen,Jiri Lehecka,Alex Michelsen,Alex Michelsen,Matchbook,3.05,0.3381,3.11,0.02,2026-04-25T13:14:06
8b45b7c384ea73d5baadc160b8729234|Emilio Nava|Coolbet,8b45b7c384ea73d5baadc160b8729234,2026-04-26T09:00:00Z,tennis_atp_madrid_open,Arthur Fils vs Emilio Nava,Arthur Fils,Emilio Nava,Emilio Nava,Coolbet,6.0,0.1729,3.76,0.01,2026-04-25T13:14:06
e16af22e69c257bb330d4be8e8b72931|Tallon Griekspoor|LowVig.ag,e16af22e69c257bb330d4be8e8b72931,2026-04-26T09:00:00Z,tennis_atp_madrid_open,Tallon Griekspoor vs Lorenzo Musetti,Tallon Griekspoor,Lorenzo Musetti,Tallon Griekspoor,LowVig.ag,4.06,0.2565,4.14,0.01,2026-04-25T13:14:06
e16af22e69c257bb330d4be8e8b72931|Tallon Griekspoor|BetOnline.ag,e16af22e69c257bb330d4be8e8b72931,2026-04-26T09:00:00Z,tennis_atp_madrid_open,Tallon Griekspoor vs Lorenzo Musetti,Tallon Griekspoor,Lorenzo Musetti,Tallon Griekspoor,BetOnline.ag,4.06,0.2565,4.14,0.01,2026-04-25T13:14:06
e16af22e69c257bb330d4be8e8b72931|Tallon Griekspoor|Matchbook,e16af22e69c257bb330d4be8e8b72931,2026-04-26T09:00:00Z,tennis_atp_madrid_open,Tallon Griekspoor vs Lorenzo Musetti,Tallon Griekspoor,Lorenzo Musetti,Tallon Griekspoor,Matchbook,4.2,0.2565,7.74,0.02,2026-04-25T13:14:06
9c6070346b2ffcbf81ff71b2bd58f98c|Marc-Philippe Ngatchou|BetOnline.ag,9c6070346b2ffcbf81ff71b2bd58f98c,2026-04-25T20:30:00Z,mma_mixed_martial_arts,Jordan Stronge vs Marc-Philippe Ngatchou,Jordan Stronge,Marc-Philippe Ngatchou,Marc-Philippe Ngatchou,BetOnline.ag,1.8,0.5789,4.21,0.05,2026-04-25T13:14:06
c625ba8faec8f1445c8543f1c0698f15|Mayra Bueno Silva|BetOnline.ag,c625ba8faec8f1445c8543f1c0698f15,2026-04-25T22:50:00Z,mma_mixed_martial_arts,Mayra Bueno Silva vs Michelle Montague,Mayra Bueno Silva,Michelle Montague,Mayra Bueno Silva,BetOnline.ag,4.5,0.2332,4.94,0.01,2026-04-25T13:14:06
c625ba8faec8f1445c8543f1c0698f15|Mayra Bueno Silva|Pinnacle,c625ba8faec8f1445c8543f1c0698f15,2026-04-25T22:50:00Z,mma_mixed_martial_arts,Mayra Bueno Silva vs Michelle Montague,Mayra Bueno Silva,Michelle Montague,Mayra Bueno Silva,Pinnacle,4.49,0.2332,4.71,0.01,2026-04-25T13:14:06
54eb45b661945af7aa7da285a12e835c|Michael Chandler|1xBet,54eb45b661945af7aa7da285a12e835c,2026-06-15T01:30:00Z,mma_mixed_martial_arts,Mauricio Ruffy vs Michael Chandler,Mauricio Ruffy,Michael Chandler,Michael Chandler,1xBet,5.85,0.1837,7.45,0.02,2026-04-25T13:14:06
cb57200fc615cd74dcb95aa23a488875|Sarmiento de Junin|Betfair,cb57200fc615cd74dcb95aa23a488875,2026-04-25T22:15:00Z,soccer_argentina_primera_division,Sarmiento de Junin vs CA Tigre BA,Sarmiento de Junin,CA Tigre BA,Sarmiento de Junin,Betfair,3.7,0.2814,4.12,0.02,2026-04-25T14:48:05
cb57200fc615cd74dcb95aa23a488875|Sarmiento de Junin|Betfair,cb57200fc615cd74dcb95aa23a488875,2026-04-25T22:15:00Z,soccer_argentina_primera_division,Sarmiento de Junin vs CA Tigre BA,Sarmiento de Junin,CA Tigre BA,Sarmiento de Junin,Betfair,3.7,0.2814,4.12,0.02,2026-04-25T14:48:05
dcf9a86b098e3d4ca02c7a2ae186c2c5|AS Monaco|888sport,dcf9a86b098e3d4ca02c7a2ae186c2c5,2026-04-28T18:00:00Z,basketball_euroleague,Olympiacos vs AS Monaco,Olympiacos,AS Monaco,AS Monaco,888sport,4.9,0.2105,3.16,0.01,2026-04-25T14:48:05
dcf9a86b098e3d4ca02c7a2ae186c2c5|AS Monaco|FanDuel,dcf9a86b098e3d4ca02c7a2ae186c2c5,2026-04-28T18:00:00Z,basketball_euroleague,Olympiacos vs AS Monaco,Olympiacos,AS Monaco,AS Monaco,FanDuel,4.9,0.2105,3.16,0.01,2026-04-25T14:48:05
dcf9a86b098e3d4ca02c7a2ae186c2c5|AS Monaco|William Hill,dcf9a86b098e3d4ca02c7a2ae186c2c5,2026-04-28T18:00:00Z,basketball_euroleague,Olympiacos vs AS Monaco,Olympiacos,AS Monaco,AS Monaco,William Hill,4.9,0.2105,3.16,0.01,2026-04-25T14:48:05
73df6bbdec9d5310ae64a772ba0d05a4|Mariano Navone|BetMGM,73df6bbdec9d5310ae64a772ba0d05a4,2026-04-25T14:00:00Z,tennis_atp_madrid_open,Mariano Navone vs Alexander Zverev,Mariano Navone,Alexander Zverev,Mariano Navone,BetMGM,6.0,0.1784,7.04,0.01,2026-04-25T14:48:05
73df6bbdec9d5310ae64a772ba0d05a4|Mariano Navone|Coral,73df6bbdec9d5310ae64a772ba0d05a4,2026-04-25T14:00:00Z,tennis_atp_madrid_open,Mariano Navone vs Alexander Zverev,Mariano Navone,Alexander Zverev,Mariano Navone,Coral,6.0,0.1784,7.04,0.01,2026-04-25T14:48:05
73df6bbdec9d5310ae64a772ba0d05a4|Mariano Navone|Ladbrokes,73df6bbdec9d5310ae64a772ba0d05a4,2026-04-25T14:00:00Z,tennis_atp_madrid_open,Mariano Navone vs Alexander Zverev,Mariano Navone,Alexander Zverev,Mariano Navone,Ladbrokes,6.0,0.1784,7.04,0.01,2026-04-25T14:48:05
6ef511c2146111353b9b059952079e55|Camilo Ugo Carabelli|Betfair,6ef511c2146111353b9b059952079e55,2026-04-25T14:40:00Z,tennis_atp_madrid_open,Camilo Ugo Carabelli vs Flavio Cobolli,Camilo Ugo Carabelli,Flavio Cobolli,Camilo Ugo Carabelli,Betfair,3.1,0.3326,3.09,0.01,2026-04-25T14:48:05
3d9d06152928e4cdf7f494409694de2d|Stefanos Tsitsipas|LowVig.ag,3d9d06152928e4cdf7f494409694de2d,2026-04-25T19:30:00Z,tennis_atp_madrid_open,Alexander Bublik vs Stefanos Tsitsipas,Alexander Bublik,Stefanos Tsitsipas,Stefanos Tsitsipas,LowVig.ag,2.61,0.399,4.14,0.03,2026-04-25T14:48:05
3d9d06152928e4cdf7f494409694de2d|Stefanos Tsitsipas|BetOnline.ag,3d9d06152928e4cdf7f494409694de2d,2026-04-25T19:30:00Z,tennis_atp_madrid_open,Alexander Bublik vs Stefanos Tsitsipas,Alexander Bublik,Stefanos Tsitsipas,Stefanos Tsitsipas,BetOnline.ag,2.61,0.399,4.14,0.03,2026-04-25T14:48:05
49005ae2f0c814ac6942eff255d6366e|Alex Michelsen|Betfair,49005ae2f0c814ac6942eff255d6366e,2026-04-26T09:00:00Z,tennis_atp_madrid_open,Jiri Lehecka vs Alex Michelsen,Jiri Lehecka,Alex Michelsen,Alex Michelsen,Betfair,3.05,0.3381,3.11,0.02,2026-04-25T14:48:05
49005ae2f0c814ac6942eff255d6366e|Alex Michelsen|Betfair,49005ae2f0c814ac6942eff255d6366e,2026-04-26T09:00:00Z,tennis_atp_madrid_open,Jiri Lehecka vs Alex Michelsen,Jiri Lehecka,Alex Michelsen,Alex Michelsen,Betfair,3.05,0.3381,3.11,0.02,2026-04-25T14:48:05
49005ae2f0c814ac6942eff255d6366e|Alex Michelsen|Smarkets,49005ae2f0c814ac6942eff255d6366e,2026-04-26T09:00:00Z,tennis_atp_madrid_open,Jiri Lehecka vs Alex Michelsen,Jiri Lehecka,Alex Michelsen,Alex Michelsen,Smarkets,3.05,0.3381,3.11,0.02,2026-04-25T14:48:05
e16af22e69c257bb330d4be8e8b72931|Tallon Griekspoor|Smarkets,e16af22e69c257bb330d4be8e8b72931,2026-04-26T09:00:00Z,tennis_atp_madrid_open,Tallon Griekspoor vs Lorenzo Musetti,Tallon Griekspoor,Lorenzo Musetti,Tallon Griekspoor,Smarkets,4.2,0.257,7.95,0.03,2026-04-25T14:48:05
eda4646a08bb235ce049202f8257df34|Jan Malach|BetOnline.ag,eda4646a08bb235ce049202f8257df34,2026-04-25T16:00:00Z,mma_mixed_martial_arts,Stefan Koncar vs Jan Malach,Stefan Koncar,Jan Malach,Jan Malach,BetOnline.ag,1.56,0.7111,10.93,0.2,2026-04-25T14:48:05
c0aba79416a727841a9bc74ba317e525|Lucas Brennan|Matchbook,c0aba79416a727841a9bc74ba317e525,2026-04-25T22:00:00Z,mma_mixed_martial_arts,Francis Marshall vs Lucas Brennan,Francis Marshall,Lucas Brennan,Lucas Brennan,Matchbook,5.3,0.196,3.9,0.01,2026-04-25T14:48:05
cb57200fc615cd74dcb95aa23a488875|Sarmiento de Junin|Smarkets,cb57200fc615cd74dcb95aa23a488875,2026-04-25T22:15:00Z,soccer_argentina_primera_division,Sarmiento de Junin vs CA Tigre BA,Sarmiento de Junin,CA Tigre BA,Sarmiento de Junin,Smarkets,3.65,0.2823,3.04,0.01,2026-04-25T16:50:58
cb57200fc615cd74dcb95aa23a488875|Sarmiento de Junin|Matchbook,cb57200fc615cd74dcb95aa23a488875,2026-04-25T22:15:00Z,soccer_argentina_primera_division,Sarmiento de Junin vs CA Tigre BA,Sarmiento de Junin,CA Tigre BA,Sarmiento de Junin,Matchbook,3.75,0.2823,5.87,0.02,2026-04-25T16:50:58
b24e970fd53cf667dd009e54d107d4b1|Denver Nuggets|Betfair,b24e970fd53cf667dd009e54d107d4b1,2026-04-26T00:40:00Z,basketball_nba,Minnesota Timberwolves vs Denver Nuggets,Minnesota Timberwolves,Denver Nuggets,Denver Nuggets,Betfair,1.97,0.5236,3.14,0.03,2026-04-25T16:50:58
b24e970fd53cf667dd009e54d107d4b1|Denver Nuggets|Betfair,b24e970fd53cf667dd009e54d107d4b1,2026-04-26T00:40:00Z,basketball_nba,Minnesota Timberwolves vs Denver Nuggets,Minnesota Timberwolves,Denver Nuggets,Denver Nuggets,Betfair,1.97,0.5236,3.14,0.03,2026-04-25T16:50:58
b24e970fd53cf667dd009e54d107d4b1|Denver Nuggets|Matchbook,b24e970fd53cf667dd009e54d107d4b1,2026-04-26T00:40:00Z,basketball_nba,Minnesota Timberwolves vs Denver Nuggets,Minnesota Timberwolves,Denver Nuggets,Denver Nuggets,Matchbook,1.97,0.5236,3.14,0.03,2026-04-25T16:50:58
6ef511c2146111353b9b059952079e55|Camilo Ugo Carabelli|Smarkets,6ef511c2146111353b9b059952079e55,2026-04-25T14:50:00Z,tennis_atp_madrid_open,Camilo Ugo Carabelli vs Flavio Cobolli,Camilo Ugo Carabelli,Flavio Cobolli,Camilo Ugo Carabelli,Smarkets,2.98,0.3521,4.92,0.03,2026-04-25T16:50:58
6ef511c2146111353b9b059952079e55|Camilo Ugo Carabelli|DraftKings,6ef511c2146111353b9b059952079e55,2026-04-25T14:50:00Z,tennis_atp_madrid_open,Camilo Ugo Carabelli vs Flavio Cobolli,Camilo Ugo Carabelli,Flavio Cobolli,Camilo Ugo Carabelli,DraftKings,2.96,0.3521,4.22,0.02,2026-04-25T16:50:58
6ef511c2146111353b9b059952079e55|Camilo Ugo Carabelli|Betway,6ef511c2146111353b9b059952079e55,2026-04-25T14:50:00Z,tennis_atp_madrid_open,Camilo Ugo Carabelli vs Flavio Cobolli,Camilo Ugo Carabelli,Flavio Cobolli,Camilo Ugo Carabelli,Betway,3.2,0.3521,12.67,0.06,2026-04-25T16:50:58
6ef511c2146111353b9b059952079e55|Camilo Ugo Carabelli|Paddy Power,6ef511c2146111353b9b059952079e55,2026-04-25T14:50:00Z,tennis_atp_madrid_open,Camilo Ugo Carabelli vs Flavio Cobolli,Camilo Ugo Carabelli,Flavio Cobolli,Camilo Ugo Carabelli,Paddy Power,3.2,0.3521,12.67,0.06,2026-04-25T16:50:58
6ef511c2146111353b9b059952079e55|Camilo Ugo Carabelli|Pinnacle,6ef511c2146111353b9b059952079e55,2026-04-25T14:50:00Z,tennis_atp_madrid_open,Camilo Ugo Carabelli vs Flavio Cobolli,Camilo Ugo Carabelli,Flavio Cobolli,Camilo Ugo Carabelli,Pinnacle,3.0,0.3521,5.62,0.03,2026-04-25T16:50:58
3d9d06152928e4cdf7f494409694de2d|Alexander Bublik|BoyleSports,3d9d06152928e4cdf7f494409694de2d,2026-04-25T19:30:00Z,tennis_atp_madrid_open,Alexander Bublik vs Stefanos Tsitsipas,Alexander Bublik,Stefanos Tsitsipas,Alexander Bublik,BoyleSports,1.67,0.6188,3.34,0.05,2026-04-25T16:50:58
8b45b7c384ea73d5baadc160b8729234|Emilio Nava|Unibet (FR),8b45b7c384ea73d5baadc160b8729234,2026-04-26T12:00:00Z,tennis_atp_madrid_open,Arthur Fils vs Emilio Nava,Arthur Fils,Emilio Nava,Emilio Nava,Unibet (FR),6.0,0.1729,3.76,0.01,2026-04-25T16:50:58
8b45b7c384ea73d5baadc160b8729234|Emilio Nava|Winamax (DE),8b45b7c384ea73d5baadc160b8729234,2026-04-26T12:00:00Z,tennis_atp_madrid_open,Arthur Fils vs Emilio Nava,Arthur Fils,Emilio Nava,Emilio Nava,Winamax (DE),6.0,0.1729,3.76,0.01,2026-04-25T16:50:58
8b45b7c384ea73d5baadc160b8729234|Emilio Nava|Paddy Power,8b45b7c384ea73d5baadc160b8729234,2026-04-26T12:00:00Z,tennis_atp_madrid_open,Arthur Fils vs Emilio Nava,Arthur Fils,Emilio Nava,Emilio Nava,Paddy Power,6.0,0.1729,3.76,0.01,2026-04-25T16:50:58
e28d54c8b0fc7378902ab7a5c361d19d|Dallas Wings|Bovada,e28d54c8b0fc7378902ab7a5c361d19d,2026-05-09T17:00:00Z,basketball_wnba,Indiana Fever vs Dallas Wings,Indiana Fever,Dallas Wings,Dallas Wings,Bovada,3.9,0.267,4.14,0.01,2026-04-25T19:00:05
77e78f5396854c7d438588e03f9eaa23|Daniil Medvedev|Smarkets,77e78f5396854c7d438588e03f9eaa23,2026-04-25T17:00:00Z,tennis_atp_madrid_open,Daniil Medvedev vs Fabian Marozsan,Daniil Medvedev,Fabian Marozsan,Daniil Medvedev,Smarkets,1.62,0.6514,5.52,0.09,2026-04-25T19:00:05
8b45b7c384ea73d5baadc160b8729234|Emilio Nava|Betway,8b45b7c384ea73d5baadc160b8729234,2026-04-26T12:00:00Z,tennis_atp_madrid_open,Arthur Fils vs Emilio Nava,Arthur Fils,Emilio Nava,Emilio Nava,Betway,6.0,0.1729,3.76,0.01,2026-04-25T19:00:05
8b45b7c384ea73d5baadc160b8729234|Emilio Nava|Everygame,8b45b7c384ea73d5baadc160b8729234,2026-04-26T12:00:00Z,tennis_atp_madrid_open,Arthur Fils vs Emilio Nava,Arthur Fils,Emilio Nava,Emilio Nava,Everygame,6.0,0.1729,3.76,0.01,2026-04-25T19:00:05
1293750f7cad1511ac0b9ad9063318ef|Reiya Abe|BetUS,1293750f7cad1511ac0b9ad9063318ef,2026-05-02T08:20:00Z,boxing_boxing,Toshiki Shimomachi vs Reiya Abe,Toshiki Shimomachi,Reiya Abe,Reiya Abe,BetUS,2.85,0.3652,4.09,0.02,2026-04-25T19:00:05
cfaeaf298c3875d77205753b6962b738|Sam Eggington|Betfair,cfaeaf298c3875d77205753b6962b738,2026-05-02T21:00:00Z,boxing_boxing,Conah Walker vs Sam Eggington,Conah Walker,Sam Eggington,Sam Eggington,Betfair,4.8,0.2366,13.58,0.04,2026-04-25T19:00:05
cfaeaf298c3875d77205753b6962b738|Sam Eggington|Betfair,cfaeaf298c3875d77205753b6962b738,2026-05-02T21:00:00Z,boxing_boxing,Conah Walker vs Sam Eggington,Conah Walker,Sam Eggington,Sam Eggington,Betfair,4.8,0.2366,13.58,0.04,2026-04-25T19:00:05
08ac3f3b2099c3f4404ee6a1d7264352|Mary Spencer|BetUS,08ac3f3b2099c3f4404ee6a1d7264352,2026-05-31T00:00:00Z,boxing_boxing,Desley Robinson vs Mary Spencer,Desley Robinson,Mary Spencer,Mary Spencer,BetUS,2.6,0.3995,3.86,0.02,2026-04-25T19:00:05
c0aba79416a727841a9bc74ba317e525|Lucas Brennan|BetMGM,c0aba79416a727841a9bc74ba317e525,2026-04-25T22:00:00Z,mma_mixed_martial_arts,Francis Marshall vs Lucas Brennan,Francis Marshall,Lucas Brennan,Lucas Brennan,BetMGM,5.25,0.1998,4.91,0.01,2026-04-25T19:00:05
c1ca349730d52f62b779f10f9f90f960|Talita Alencar|Betfair,c1ca349730d52f62b779f10f9f90f960,2026-04-25T21:10:00Z,mma_mixed_martial_arts,Talita Alencar vs Julia Polastri,Talita Alencar,Julia Polastri,Talita Alencar,Betfair,3.2,0.3287,5.19,0.02,2026-04-25T20:45:20
c1ca349730d52f62b779f10f9f90f960|Talita Alencar|Betfair,c1ca349730d52f62b779f10f9f90f960,2026-04-25T21:10:00Z,mma_mixed_martial_arts,Talita Alencar vs Julia Polastri,Talita Alencar,Julia Polastri,Talita Alencar,Betfair,3.2,0.3287,5.19,0.02,2026-04-25T20:45:20
c1ca349730d52f62b779f10f9f90f960|Talita Alencar|Matchbook,c1ca349730d52f62b779f10f9f90f960,2026-04-25T21:10:00Z,mma_mixed_martial_arts,Talita Alencar vs Julia Polastri,Talita Alencar,Julia Polastri,Talita Alencar,Matchbook,3.2,0.3287,5.19,0.02,2026-04-25T20:45:20
3c6748aa1b40bddddf19f5deb5ee482b|Marcus Buchecha|Betway,3c6748aa1b40bddddf19f5deb5ee482b,2026-04-26T00:15:00Z,mma_mixed_martial_arts,Marcus Buchecha vs Ryan Spann,Marcus Buchecha,Ryan Spann,Marcus Buchecha,Betway,1.73,0.6007,3.93,0.05,2026-04-25T20:45:20
cc10e0482e68ed9de54b97d21c46596e|Washington Mystics|Bovada,cc10e0482e68ed9de54b97d21c46596e,2026-05-08T23:30:00Z,basketball_wnba,Toronto Tempo vs Washington Mystics,Toronto Tempo,Washington Mystics,Washington Mystics,Bovada,2.2,0.4703,3.46,0.03,2026-04-25T20:45:20
6a0ed72213d8c7e22bbb6b99f4c102b5|Newcastle Knights|Winamax (FR),6a0ed72213d8c7e22bbb6b99f4c102b5,2026-04-26T04:00:00Z,rugbyleague_nrl,Newcastle Knights vs Penrith Panthers,Newcastle Knights,Penrith Panthers,Newcastle Knights,Winamax (FR),4.5,0.2319,4.36,0.01,2026-04-25T20:45:20
29d20ae02f53a206f4d445e796e13a5b|Draw|Betfair,29d20ae02f53a206f4d445e796e13a5b,2026-04-26T00:30:00Z,soccer_argentina_primera_division,River Plate vs Aldosivi Mar del Plata,River Plate,Aldosivi Mar del Plata,Draw,Betfair,5.6,0.1857,4.0,0.01,2026-04-25T20:45:20
29d20ae02f53a206f4d445e796e13a5b|Draw|Betfair,29d20ae02f53a206f4d445e796e13a5b,2026-04-26T00:30:00Z,soccer_argentina_primera_division,River Plate vs Aldosivi Mar del Plata,River Plate,Aldosivi Mar del Plata,Draw,Betfair,5.6,0.1857,4.0,0.01,2026-04-25T20:45:20
3d9d06152928e4cdf7f494409694de2d|Alexander Bublik|Smarkets,3d9d06152928e4cdf7f494409694de2d,2026-04-25T20:00:00Z,tennis_atp_madrid_open,Alexander Bublik vs Stefanos Tsitsipas,Alexander Bublik,Stefanos Tsitsipas,Alexander Bublik,Smarkets,5.3,0.2059,9.14,0.02,2026-04-25T20:45:20
3d9d06152928e4cdf7f494409694de2d|Alexander Bublik|Matchbook,3d9d06152928e4cdf7f494409694de2d,2026-04-25T20:00:00Z,tennis_atp_madrid_open,Alexander Bublik vs Stefanos Tsitsipas,Alexander Bublik,Stefanos Tsitsipas,Alexander Bublik,Matchbook,5.1,0.2059,5.03,0.01,2026-04-25T20:45:20
3d9d06152928e4cdf7f494409694de2d|Stefanos Tsitsipas|888sport,3d9d06152928e4cdf7f494409694de2d,2026-04-25T20:00:00Z,tennis_atp_madrid_open,Alexander Bublik vs Stefanos Tsitsipas,Alexander Bublik,Stefanos Tsitsipas,Stefanos Tsitsipas,888sport,1.4,0.7941,11.17,0.28,2026-04-25T20:45:20
e16af22e69c257bb330d4be8e8b72931|Tallon Griekspoor|FanDuel,e16af22e69c257bb330d4be8e8b72931,2026-04-26T10:30:00Z,tennis_atp_madrid_open,Tallon Griekspoor vs Lorenzo Musetti,Tallon Griekspoor,Lorenzo Musetti,Tallon Griekspoor,FanDuel,4.5,0.2366,6.49,0.02,2026-04-25T20:45:20
e16af22e69c257bb330d4be8e8b72931|Tallon Griekspoor|Paddy Power,e16af22e69c257bb330d4be8e8b72931,2026-04-26T10:30:00Z,tennis_atp_madrid_open,Tallon Griekspoor vs Lorenzo Musetti,Tallon Griekspoor,Lorenzo Musetti,Tallon Griekspoor,Paddy Power,4.5,0.2366,6.49,0.02,2026-04-25T20:45:20
8b45b7c384ea73d5baadc160b8729234|Emilio Nava|Winamax (FR),8b45b7c384ea73d5baadc160b8729234,2026-04-26T12:00:00Z,tennis_atp_madrid_open,Arthur Fils vs Emilio Nava,Arthur Fils,Emilio Nava,Emilio Nava,Winamax (FR),6.0,0.1729,3.76,0.01,2026-04-25T20:45:20
af21ea60075017262bb34c9fca0a8e6f|Joao Fonseca|Betfair,af21ea60075017262bb34c9fca0a8e6f,2026-04-26T19:30:00Z,tennis_atp_madrid_open,Joao Fonseca vs Rafael Jodar,Joao Fonseca,Rafael Jodar,Joao Fonseca,Betfair,2.2,0.4737,4.21,0.03,2026-04-25T20:45:20
af21ea60075017262bb34c9fca0a8e6f|Joao Fonseca|Betfair,af21ea60075017262bb34c9fca0a8e6f,2026-04-26T19:30:00Z,tennis_atp_madrid_open,Joao Fonseca vs Rafael Jodar,Joao Fonseca,Rafael Jodar,Joao Fonseca,Betfair,2.2,0.4737,4.21,0.03,2026-04-25T20:45:20
af21ea60075017262bb34c9fca0a8e6f|Joao Fonseca|Smarkets,af21ea60075017262bb34c9fca0a8e6f,2026-04-26T19:30:00Z,tennis_atp_madrid_open,Joao Fonseca vs Rafael Jodar,Joao Fonseca,Rafael Jodar,Joao Fonseca,Smarkets,2.18,0.4737,3.26,0.03,2026-04-25T20:45:20
af21ea60075017262bb34c9fca0a8e6f|Joao Fonseca|Matchbook,af21ea60075017262bb34c9fca0a8e6f,2026-04-26T19:30:00Z,tennis_atp_madrid_open,Joao Fonseca vs Rafael Jodar,Joao Fonseca,Rafael Jodar,Joao Fonseca,Matchbook,2.18,0.4737,3.26,0.03,2026-04-25T20:45:20
