id,match_id,fecha,deporte,partido,home_team,away_team,seleccion,casa,cuota,prob_real,edge_pct,stake_eur,creada,resultado,score,pnl,bankroll_tras,prob_modelo,prob_sharp,factor_conf,n_sharp,fair_open,clv_pct
e8aec0c2da8f35ce251f9a1e905624b2|Draw|Tipico,e8aec0c2da8f35ce251f9a1e905624b2,2026-04-24T19:02:00Z,soccer_spain_la_liga,Real Betis vs Real Madrid,Real Betis,Real Madrid,Draw,Tipico,6.0,0.1762,5.72,0.01,2026-04-24T21:27:28,GANADA,1-1,0.05,20.05,,,,,,
5000a9f1dd7ba71de7ae6ceef836aa48|Los Angeles Lakers|1xBet,5000a9f1dd7ba71de7ae6ceef836aa48,2026-04-25T00:10:00Z,basketball_nba,Houston Rockets vs Los Angeles Lakers,Houston Rockets,Los Angeles Lakers,Los Angeles Lakers,1xBet,4.01,0.2611,4.71,0.02,2026-04-24T19:45:48,GANADA,108-112,0.06,20.11,,,,,,
48504b972ab1848ecffb5f9ab8e53a85|Estudiantes de Río Cuarto|Unibet (SE),48504b972ab1848ecffb5f9ab8e53a85,2026-04-24T22:15:00Z,soccer_argentina_primera_division,Estudiantes de Río Cuarto vs Rosario Central,Estudiantes de Río Cuarto,Rosario Central,Estudiantes de Río Cuarto,Unibet (SE),4.1,0.2555,4.74,0.02,2026-04-24T19:46:45,PERDIDA,2-1,-0.02,20.09,,,,,,
48504b972ab1848ecffb5f9ab8e53a85|Estudiantes de Río Cuarto|Smarkets,48504b972ab1848ecffb5f9ab8e53a85,2026-04-24T22:15:00Z,soccer_argentina_primera_division,Estudiantes de Río Cuarto vs Rosario Central,Estudiantes de Río Cuarto,Rosario Central,Estudiantes de Río Cuarto,Smarkets,4.1,0.2555,4.74,0.02,2026-04-24T19:46:45,PERDIDA,2-1,-0.02,20.07,,,,,,
fd04b9b8d279971365bceaf68b31a090|Gold Coast Suns|Betfair,fd04b9b8d279971365bceaf68b31a090,2026-04-25T02:30:07Z,aussierules_afl,Hawthorn Hawks vs Gold Coast Suns,Hawthorn Hawks,Gold Coast Suns,Gold Coast Suns,Betfair,2.46,0.4286,5.43,0.04,2026-04-24T19:45:48,PERDIDA,63-112,-0.04,20.03,,,,,,
fd04b9b8d279971365bceaf68b31a090|Gold Coast Suns|Betfair,fd04b9b8d279971365bceaf68b31a090,2026-04-25T02:30:07Z,aussierules_afl,Hawthorn Hawks vs Gold Coast Suns,Hawthorn Hawks,Gold Coast Suns,Gold Coast Suns,Betfair,2.46,0.4286,5.43,0.04,2026-04-24T19:45:48,PERDIDA,63-112,-0.04,19.99,,,,,,
75291065ae278d5c4f49018b9c64f97c|Essendon Bombers|Betfair,75291065ae278d5c4f49018b9c64f97c,2026-04-25T05:20:19Z,aussierules_afl,Essendon Bombers vs Collingwood Magpies,Essendon Bombers,Collingwood Magpies,Essendon Bombers,Betfair,3.25,0.3244,5.43,0.02,2026-04-24T19:45:48,PERDIDA,137-60,-0.02,19.97,,,,,,
75291065ae278d5c4f49018b9c64f97c|Essendon Bombers|Betfair,75291065ae278d5c4f49018b9c64f97c,2026-04-25T05:20:19Z,aussierules_afl,Essendon Bombers vs Collingwood Magpies,Essendon Bombers,Collingwood Magpies,Essendon Bombers,Betfair,3.25,0.3244,5.43,0.02,2026-04-24T19:45:48,PERDIDA,137-60,-0.02,19.95,,,,,,
ba3f461ff695be3ad8ef4c4713f6a0d0|St George Illawarra Dragons|Coral,ba3f461ff695be3ad8ef4c4713f6a0d0,2026-04-25T06:00:00Z,rugbyleague_nrl,St George Illawarra Dragons vs Sydney Roosters,St George Illawarra Dragons,Sydney Roosters,St George Illawarra Dragons,Coral,6.0,0.1727,3.6,0.01,2026-04-25T04:48:06,PERDIDA,16-62,-0.01,19.94,,,,,,
ba3f461ff695be3ad8ef4c4713f6a0d0|St George Illawarra Dragons|Ladbrokes,ba3f461ff695be3ad8ef4c4713f6a0d0,2026-04-25T06:00:00Z,rugbyleague_nrl,St George Illawarra Dragons vs Sydney Roosters,St George Illawarra Dragons,Sydney Roosters,St George Illawarra Dragons,Ladbrokes,6.0,0.1727,3.6,0.01,2026-04-25T04:48:06,PERDIDA,16-62,-0.01,19.93,,,,,,
af4847d63733e67ddd02f2bafac8ea6f|Portland Trail Blazers|Paddy Power,af4847d63733e67ddd02f2bafac8ea6f,2026-04-25T02:48:00Z,basketball_nba,Portland Trail Blazers vs San Antonio Spurs,Portland Trail Blazers,San Antonio Spurs,Portland Trail Blazers,Paddy Power,2.1,0.494,3.74,0.03,2026-04-25T04:48:06,PERDIDA,108-120,-0.03,19.9,,,,,,
af4847d63733e67ddd02f2bafac8ea6f|Portland Trail Blazers|Sky Bet,af4847d63733e67ddd02f2bafac8ea6f,2026-04-25T02:48:00Z,basketball_nba,Portland Trail Blazers vs San Antonio Spurs,Portland Trail Blazers,San Antonio Spurs,Portland Trail Blazers,Sky Bet,2.1,0.494,3.74,0.03,2026-04-25T04:48:06,PERDIDA,108-120,-0.03,19.87,,,,,,
af4847d63733e67ddd02f2bafac8ea6f|Portland Trail Blazers|Coral,af4847d63733e67ddd02f2bafac8ea6f,2026-04-25T02:48:00Z,basketball_nba,Portland Trail Blazers vs San Antonio Spurs,Portland Trail Blazers,San Antonio Spurs,Portland Trail Blazers,Coral,2.15,0.494,6.21,0.05,2026-04-25T04:48:06,PERDIDA,108-120,-0.05,19.82,,,,,,
af4847d63733e67ddd02f2bafac8ea6f|San Antonio Spurs|Betclic (FR),af4847d63733e67ddd02f2bafac8ea6f,2026-04-25T02:48:00Z,basketball_nba,Portland Trail Blazers vs San Antonio Spurs,Portland Trail Blazers,San Antonio Spurs,San Antonio Spurs,Betclic (FR),2.07,0.506,4.74,0.04,2026-04-25T04:48:06,GANADA,108-120,0.04,19.86,,,,,,
af4847d63733e67ddd02f2bafac8ea6f|San Antonio Spurs|Betfair,af4847d63733e67ddd02f2bafac8ea6f,2026-04-25T02:48:00Z,basketball_nba,Portland Trail Blazers vs San Antonio Spurs,Portland Trail Blazers,San Antonio Spurs,San Antonio Spurs,Betfair,2.12,0.506,7.27,0.06,2026-04-25T04:48:06,GANADA,108-120,0.07,19.93,,,,,,
af4847d63733e67ddd02f2bafac8ea6f|San Antonio Spurs|Bet Victor,af4847d63733e67ddd02f2bafac8ea6f,2026-04-25T02:48:00Z,basketball_nba,Portland Trail Blazers vs San Antonio Spurs,Portland Trail Blazers,San Antonio Spurs,San Antonio Spurs,Bet Victor,2.2,0.506,11.32,0.09,2026-04-25T04:48:06,GANADA,108-120,0.11,20.04,,,,,,
e0b0cfd04b90c797a1b297c7e375b83d|Port Adelaide Power|Betfair,e0b0cfd04b90c797a1b297c7e375b83d,2026-04-25T08:35:29Z,aussierules_afl,Port Adelaide Power vs Geelong Cats,Port Adelaide Power,Geelong Cats,Port Adelaide Power,Betfair,4.4,0.2344,3.14,0.01,2026-04-25T04:48:06,GANADA,65-95,0.03,20.07,,,,,,
e0b0cfd04b90c797a1b297c7e375b83d|Port Adelaide Power|Betfair,e0b0cfd04b90c797a1b297c7e375b83d,2026-04-25T08:35:29Z,aussierules_afl,Port Adelaide Power vs Geelong Cats,Port Adelaide Power,Geelong Cats,Port Adelaide Power,Betfair,4.4,0.2344,3.14,0.01,2026-04-25T04:48:06,GANADA,65-95,0.03,20.1,,,,,,
3bad58b86b436bd185e732c92f0160e1|New Zealand Warriors|Ladbrokes,3bad58b86b436bd185e732c92f0160e1,2026-04-25T08:07:00Z,rugbyleague_nrl,New Zealand Warriors vs Dolphins,New Zealand Warriors,Dolphins,New Zealand Warriors,Ladbrokes,2.25,0.4948,11.33,0.09,2026-04-25T09:42:38,GANADA,20-18,0.11,20.21,,,,,,
c5137cd717098fbb38acd0236bc41b34|Wolverhampton Wanderers|Betfair,c5137cd717098fbb38acd0236bc41b34,2026-04-25T14:00:00Z,soccer_epl,Wolverhampton Wanderers vs Tottenham Hotspur,Wolverhampton Wanderers,Tottenham Hotspur,Wolverhampton Wanderers,Betfair,4.9,0.2102,3.02,0.01,2026-04-24T21:27:28,PERDIDA,1-0,-0.01,20.2,,,,,,
c5137cd717098fbb38acd0236bc41b34|Wolverhampton Wanderers|Betfair,c5137cd717098fbb38acd0236bc41b34,2026-04-25T14:00:00Z,soccer_epl,Wolverhampton Wanderers vs Tottenham Hotspur,Wolverhampton Wanderers,Tottenham Hotspur,Wolverhampton Wanderers,Betfair,4.9,0.2102,3.02,0.01,2026-04-24T21:27:28,PERDIDA,1-0,-0.01,20.19,,,,,,
c5137cd717098fbb38acd0236bc41b34|Wolverhampton Wanderers|Betfred (UK),c5137cd717098fbb38acd0236bc41b34,2026-04-25T14:00:00Z,soccer_epl,Wolverhampton Wanderers vs Tottenham Hotspur,Wolverhampton Wanderers,Tottenham Hotspur,Wolverhampton Wanderers,Betfred (UK),5.0,0.2102,5.12,0.01,2026-04-24T21:27:28,PERDIDA,1-0,-0.01,20.18,,,,,,
c5137cd717098fbb38acd0236bc41b34|Wolverhampton Wanderers|Matchbook,c5137cd717098fbb38acd0236bc41b34,2026-04-25T14:00:00Z,soccer_epl,Wolverhampton Wanderers vs Tottenham Hotspur,Wolverhampton Wanderers,Tottenham Hotspur,Wolverhampton Wanderers,Matchbook,5.0,0.2102,5.12,0.01,2026-04-24T21:27:28,PERDIDA,1-0,-0.01,20.17,,,,,,
36ffdc7f877a0da88068dfe5343c629b|Getafe|Smarkets,36ffdc7f877a0da88068dfe5343c629b,2026-04-25T14:15:00Z,soccer_spain_la_liga,Getafe vs Barcelona,Getafe,Barcelona,Getafe,Smarkets,5.9,0.1763,4.0,0.01,2026-04-24T21:27:28,PERDIDA,2-0,-0.01,20.16,,,,,,
36ffdc7f877a0da88068dfe5343c629b|Getafe|Betfair,36ffdc7f877a0da88068dfe5343c629b,2026-04-25T14:15:00Z,soccer_spain_la_liga,Getafe vs Barcelona,Getafe,Barcelona,Getafe,Betfair,6.0,0.1763,5.76,0.01,2026-04-24T21:27:28,PERDIDA,2-0,-0.01,20.15,,,,,,
36ffdc7f877a0da88068dfe5343c629b|Getafe|Betfair,36ffdc7f877a0da88068dfe5343c629b,2026-04-25T14:15:00Z,soccer_spain_la_liga,Getafe vs Barcelona,Getafe,Barcelona,Getafe,Betfair,6.0,0.1763,5.76,0.01,2026-04-24T21:27:28,PERDIDA,2-0,-0.01,20.14,,,,,,
36ffdc7f877a0da88068dfe5343c629b|Getafe|Matchbook,36ffdc7f877a0da88068dfe5343c629b,2026-04-25T14:15:00Z,soccer_spain_la_liga,Getafe vs Barcelona,Getafe,Barcelona,Getafe,Matchbook,6.0,0.1763,5.76,0.01,2026-04-24T21:27:28,PERDIDA,2-0,-0.01,20.13,,,,,,
e3b8a290a7d7ba5d8edabb5db6234117|Auxerre|Betfair,e3b8a290a7d7ba5d8edabb5db6234117,2026-04-25T13:00:00Z,soccer_france_ligue_one,Lyon vs Auxerre,Lyon,Auxerre,Auxerre,Betfair,5.9,0.1822,7.52,0.02,2026-04-24T21:27:28,PERDIDA,2-3,-0.02,20.11,,,,,,
e3b8a290a7d7ba5d8edabb5db6234117|Auxerre|Betfair,e3b8a290a7d7ba5d8edabb5db6234117,2026-04-25T13:00:00Z,soccer_france_ligue_one,Lyon vs Auxerre,Lyon,Auxerre,Auxerre,Betfair,5.9,0.1822,7.52,0.02,2026-04-24T21:27:28,PERDIDA,2-3,-0.02,20.09,,,,,,
e3b8a290a7d7ba5d8edabb5db6234117|Auxerre|Smarkets,e3b8a290a7d7ba5d8edabb5db6234117,2026-04-25T13:00:00Z,soccer_france_ligue_one,Lyon vs Auxerre,Lyon,Auxerre,Auxerre,Smarkets,5.8,0.1822,5.7,0.01,2026-04-24T21:27:28,PERDIDA,2-3,-0.01,20.08,,,,,,
e3b8a290a7d7ba5d8edabb5db6234117|Auxerre|Matchbook,e3b8a290a7d7ba5d8edabb5db6234117,2026-04-25T13:00:00Z,soccer_france_ligue_one,Lyon vs Auxerre,Lyon,Auxerre,Auxerre,Matchbook,5.9,0.1822,7.52,0.02,2026-04-24T21:27:28,PERDIDA,2-3,-0.02,20.06,,,,,,
e3b8a290a7d7ba5d8edabb5db6234117|Auxerre|BetOnline.ag,e3b8a290a7d7ba5d8edabb5db6234117,2026-04-25T13:00:00Z,soccer_france_ligue_one,Lyon vs Auxerre,Lyon,Auxerre,Auxerre,BetOnline.ag,5.7,0.1822,3.88,0.01,2026-04-24T21:27:28,PERDIDA,2-3,-0.01,20.05,,,,,,
29cc5ddc31a11f7556978b323ed103fc|Pisa|Smarkets,29cc5ddc31a11f7556978b323ed103fc,2026-04-25T13:00:00Z,soccer_italy_serie_a,Parma vs Pisa,Parma,Pisa,Pisa,Smarkets,4.1,0.2516,3.16,0.01,2026-04-24T21:27:28,PERDIDA,0-1,-0.01,20.04,,,,,,
63101c7b193e6ee432ce3b2e1c686a75|FSV Mainz 05|Betfair,63101c7b193e6ee432ce3b2e1c686a75,2026-04-25T13:30:00Z,soccer_germany_bundesliga,FSV Mainz 05 vs Bayern Munich,FSV Mainz 05,Bayern Munich,FSV Mainz 05,Betfair,4.8,0.2177,4.5,0.01,2026-04-24T21:27:28,PERDIDA,4-3,-0.01,20.03,,,,,,
63101c7b193e6ee432ce3b2e1c686a75|FSV Mainz 05|Betfair,63101c7b193e6ee432ce3b2e1c686a75,2026-04-25T13:30:00Z,soccer_germany_bundesliga,FSV Mainz 05 vs Bayern Munich,FSV Mainz 05,Bayern Munich,FSV Mainz 05,Betfair,4.8,0.2177,4.5,0.01,2026-04-24T21:27:28,PERDIDA,4-3,-0.01,20.02,,,,,,
63101c7b193e6ee432ce3b2e1c686a75|FSV Mainz 05|Smarkets,63101c7b193e6ee432ce3b2e1c686a75,2026-04-25T13:30:00Z,soccer_germany_bundesliga,FSV Mainz 05 vs Bayern Munich,FSV Mainz 05,Bayern Munich,FSV Mainz 05,Smarkets,4.8,0.2177,4.5,0.01,2026-04-24T21:27:28,PERDIDA,4-3,-0.01,20.01,,,,,,
63101c7b193e6ee432ce3b2e1c686a75|FSV Mainz 05|Matchbook,63101c7b193e6ee432ce3b2e1c686a75,2026-04-25T13:30:00Z,soccer_germany_bundesliga,FSV Mainz 05 vs Bayern Munich,FSV Mainz 05,Bayern Munich,FSV Mainz 05,Matchbook,4.8,0.2177,4.5,0.01,2026-04-24T21:27:28,PERDIDA,4-3,-0.01,20.0,,,,,,
8a9614a1c1dd66d813d98f08f3d7efd8|Bologna|Betfair,8a9614a1c1dd66d813d98f08f3d7efd8,2026-04-25T16:00:00Z,soccer_italy_serie_a,Bologna vs AS Roma,Bologna,AS Roma,Bologna,Betfair,3.5,0.3037,6.29,0.03,2026-04-24T21:27:28,PERDIDA,2-0,-0.03,19.97,,,,,,
8a9614a1c1dd66d813d98f08f3d7efd8|Bologna|Betfair,8a9614a1c1dd66d813d98f08f3d7efd8,2026-04-25T16:00:00Z,soccer_italy_serie_a,Bologna vs AS Roma,Bologna,AS Roma,Bologna,Betfair,3.5,0.3037,6.29,0.03,2026-04-24T21:27:28,PERDIDA,2-0,-0.03,19.94,,,,,,
8a9614a1c1dd66d813d98f08f3d7efd8|Bologna|Smarkets,8a9614a1c1dd66d813d98f08f3d7efd8,2026-04-25T16:00:00Z,soccer_italy_serie_a,Bologna vs AS Roma,Bologna,AS Roma,Bologna,Smarkets,3.45,0.3037,4.77,0.02,2026-04-24T21:27:28,PERDIDA,2-0,-0.02,19.92,,,,,,
8a9614a1c1dd66d813d98f08f3d7efd8|Bologna|Matchbook,8a9614a1c1dd66d813d98f08f3d7efd8,2026-04-25T16:00:00Z,soccer_italy_serie_a,Bologna vs AS Roma,Bologna,AS Roma,Bologna,Matchbook,3.5,0.3037,6.29,0.03,2026-04-24T21:27:28,PERDIDA,2-0,-0.03,19.89,,,,,,
a6b698d15158568e491da1405e17a1d3|Athletic Bilbao|Smarkets,a6b698d15158568e491da1405e17a1d3,2026-04-25T19:00:00Z,soccer_spain_la_liga,Atlético Madrid vs Athletic Bilbao,Atlético Madrid,Athletic Bilbao,Athletic Bilbao,Smarkets,3.7,0.2789,3.18,0.01,2026-04-24T21:27:28,PERDIDA,2-3,-0.01,19.88,,,,,,
a6b698d15158568e491da1405e17a1d3|Athletic Bilbao|Betfair,a6b698d15158568e491da1405e17a1d3,2026-04-25T19:00:00Z,soccer_spain_la_liga,Atlético Madrid vs Athletic Bilbao,Atlético Madrid,Athletic Bilbao,Athletic Bilbao,Betfair,3.75,0.2789,4.57,0.02,2026-04-24T21:27:28,PERDIDA,2-3,-0.02,19.86,,,,,,
a6b698d15158568e491da1405e17a1d3|Athletic Bilbao|Betfair,a6b698d15158568e491da1405e17a1d3,2026-04-25T19:00:00Z,soccer_spain_la_liga,Atlético Madrid vs Athletic Bilbao,Atlético Madrid,Athletic Bilbao,Athletic Bilbao,Betfair,3.75,0.2789,4.57,0.02,2026-04-24T21:27:28,PERDIDA,2-3,-0.02,19.84,,,,,,
a6b698d15158568e491da1405e17a1d3|Athletic Bilbao|Matchbook,a6b698d15158568e491da1405e17a1d3,2026-04-25T19:00:00Z,soccer_spain_la_liga,Atlético Madrid vs Athletic Bilbao,Atlético Madrid,Athletic Bilbao,Athletic Bilbao,Matchbook,3.75,0.2789,4.57,0.02,2026-04-24T21:27:28,PERDIDA,2-3,-0.02,19.82,,,,,,
a6b698d15158568e491da1405e17a1d3|Atlético Madrid|1xBet,a6b698d15158568e491da1405e17a1d3,2026-04-25T19:00:00Z,soccer_spain_la_liga,Atlético Madrid vs Athletic Bilbao,Atlético Madrid,Athletic Bilbao,Atlético Madrid,1xBet,2.25,0.4614,3.81,0.03,2026-04-24T21:27:28,GANADA,2-3,0.04,19.86,,,,,,
93e8cd6fa52b18f41be1ac82f43ab87d|Toulouse|Betfair,93e8cd6fa52b18f41be1ac82f43ab87d,2026-04-25T19:05:00Z,soccer_france_ligue_one,Toulouse vs AS Monaco,Toulouse,AS Monaco,Toulouse,Betfair,3.95,0.2638,4.21,0.01,2026-04-24T21:27:28,PERDIDA,2-2,-0.01,19.85,,,,,,
93e8cd6fa52b18f41be1ac82f43ab87d|Toulouse|Betfair,93e8cd6fa52b18f41be1ac82f43ab87d,2026-04-25T19:05:00Z,soccer_france_ligue_one,Toulouse vs AS Monaco,Toulouse,AS Monaco,Toulouse,Betfair,3.95,0.2638,4.21,0.01,2026-04-24T21:27:28,PERDIDA,2-2,-0.01,19.84,,,,,,
93e8cd6fa52b18f41be1ac82f43ab87d|Toulouse|Matchbook,93e8cd6fa52b18f41be1ac82f43ab87d,2026-04-25T19:05:00Z,soccer_france_ligue_one,Toulouse vs AS Monaco,Toulouse,AS Monaco,Toulouse,Matchbook,3.95,0.2638,4.21,0.01,2026-04-24T21:27:28,PERDIDA,2-2,-0.01,19.83,,,,,,
9f41c322eb6aa09683dc241cacc31d7c|Phoenix Suns|1xBet,9f41c322eb6aa09683dc241cacc31d7c,2026-04-25T19:40:00Z,basketball_nba,Phoenix Suns vs Oklahoma City Thunder,Phoenix Suns,Oklahoma City Thunder,Phoenix Suns,1xBet,4.62,0.2265,4.65,0.01,2026-04-24T19:45:48,PERDIDA,109-121,-0.01,19.82,,,,,,
9f41c322eb6aa09683dc241cacc31d7c|Phoenix Suns|Betfair,9f41c322eb6aa09683dc241cacc31d7c,2026-04-25T19:40:00Z,basketball_nba,Phoenix Suns vs Oklahoma City Thunder,Phoenix Suns,Oklahoma City Thunder,Phoenix Suns,Betfair,4.6,0.2279,4.85,0.01,2026-04-25T04:48:06,PERDIDA,109-121,-0.01,19.81,,,,,,
9f41c322eb6aa09683dc241cacc31d7c|Phoenix Suns|Betfair,9f41c322eb6aa09683dc241cacc31d7c,2026-04-25T19:40:00Z,basketball_nba,Phoenix Suns vs Oklahoma City Thunder,Phoenix Suns,Oklahoma City Thunder,Phoenix Suns,Betfair,4.6,0.2279,4.85,0.01,2026-04-25T04:48:06,PERDIDA,109-121,-0.01,19.8,,,,,,
9f41c322eb6aa09683dc241cacc31d7c|Phoenix Suns|Matchbook,9f41c322eb6aa09683dc241cacc31d7c,2026-04-25T19:40:00Z,basketball_nba,Phoenix Suns vs Oklahoma City Thunder,Phoenix Suns,Oklahoma City Thunder,Phoenix Suns,Matchbook,4.6,0.2279,4.85,0.01,2026-04-25T04:48:06,PERDIDA,109-121,-0.01,19.79,,,,,,
b0b5913dc851beadda9f86f70114616b|Talleres|Matchbook,b0b5913dc851beadda9f86f70114616b,2026-04-25T20:00:00Z,soccer_argentina_primera_division,Estudiantes vs Talleres,Estudiantes,Talleres,Talleres,Matchbook,4.2,0.2478,4.07,0.01,2026-04-25T09:42:38,PERDIDA,0-0,-0.01,19.78,,,,,,
b0b5913dc851beadda9f86f70114616b|Talleres|Betfair,b0b5913dc851beadda9f86f70114616b,2026-04-25T20:00:00Z,soccer_argentina_primera_division,Estudiantes vs Talleres,Estudiantes,Talleres,Talleres,Betfair,4.2,0.2478,4.07,0.01,2026-04-25T10:08:03,PERDIDA,0-0,-0.01,19.77,,,,,,
b0b5913dc851beadda9f86f70114616b|Talleres|Betfair,b0b5913dc851beadda9f86f70114616b,2026-04-25T20:00:00Z,soccer_argentina_primera_division,Estudiantes vs Talleres,Estudiantes,Talleres,Talleres,Betfair,4.2,0.2478,4.07,0.01,2026-04-25T10:08:03,PERDIDA,0-0,-0.01,19.76,,,,,,
9f41c322eb6aa09683dc241cacc31d7c|Phoenix Suns|Smarkets,9f41c322eb6aa09683dc241cacc31d7c,2026-04-25T19:40:00Z,basketball_nba,Phoenix Suns vs Oklahoma City Thunder,Phoenix Suns,Oklahoma City Thunder,Phoenix Suns,Smarkets,4.6,0.2301,5.83,0.02,2026-04-25T13:14:06,PERDIDA,109-121,-0.02,19.74,,,,,,
29d20ae02f53a206f4d445e796e13a5b|Draw|Unibet (SE),29d20ae02f53a206f4d445e796e13a5b,2026-04-26T00:30:00Z,soccer_argentina_primera_division,River Plate vs Aldosivi Mar del Plata,River Plate,Aldosivi Mar del Plata,Draw,Unibet (SE),5.1,0.2022,3.14,0.01,2026-04-24T19:46:45,PERDIDA,1-3,-0.01,19.73,,,,,,
29d20ae02f53a206f4d445e796e13a5b|Draw|Matchbook,29d20ae02f53a206f4d445e796e13a5b,2026-04-26T00:30:00Z,soccer_argentina_primera_division,River Plate vs Aldosivi Mar del Plata,River Plate,Aldosivi Mar del Plata,Draw,Matchbook,5.1,0.2028,3.41,0.01,2026-04-25T04:48:06,PERDIDA,1-3,-0.01,19.72,,,,,,
cb57200fc615cd74dcb95aa23a488875|Sarmiento de Junin|Betfair,cb57200fc615cd74dcb95aa23a488875,2026-04-25T22:15:00Z,soccer_argentina_primera_division,Sarmiento de Junin vs CA Tigre BA,Sarmiento de Junin,CA Tigre BA,Sarmiento de Junin,Betfair,3.7,0.2814,4.12,0.02,2026-04-25T14:48:05,GANADA,0-1,0.05,19.77,,,,,,
cb57200fc615cd74dcb95aa23a488875|Sarmiento de Junin|Betfair,cb57200fc615cd74dcb95aa23a488875,2026-04-25T22:15:00Z,soccer_argentina_primera_division,Sarmiento de Junin vs CA Tigre BA,Sarmiento de Junin,CA Tigre BA,Sarmiento de Junin,Betfair,3.7,0.2814,4.12,0.02,2026-04-25T14:48:05,GANADA,0-1,0.05,19.82,,,,,,
cb57200fc615cd74dcb95aa23a488875|Sarmiento de Junin|Smarkets,cb57200fc615cd74dcb95aa23a488875,2026-04-25T22:15:00Z,soccer_argentina_primera_division,Sarmiento de Junin vs CA Tigre BA,Sarmiento de Junin,CA Tigre BA,Sarmiento de Junin,Smarkets,3.65,0.2823,3.04,0.01,2026-04-25T16:50:58,GANADA,0-1,0.03,19.85,,,,,,
cb57200fc615cd74dcb95aa23a488875|Sarmiento de Junin|Matchbook,cb57200fc615cd74dcb95aa23a488875,2026-04-25T22:15:00Z,soccer_argentina_primera_division,Sarmiento de Junin vs CA Tigre BA,Sarmiento de Junin,CA Tigre BA,Sarmiento de Junin,Matchbook,3.75,0.2823,5.87,0.02,2026-04-25T16:50:58,GANADA,0-1,0.06,19.91,,,,,,
b24e970fd53cf667dd009e54d107d4b1|Denver Nuggets|Betfair,b24e970fd53cf667dd009e54d107d4b1,2026-04-26T00:40:00Z,basketball_nba,Minnesota Timberwolves vs Denver Nuggets,Minnesota Timberwolves,Denver Nuggets,Denver Nuggets,Betfair,1.97,0.5236,3.14,0.03,2026-04-25T16:50:58,PERDIDA,112-96,-0.03,19.88,,,,,,
b24e970fd53cf667dd009e54d107d4b1|Denver Nuggets|Betfair,b24e970fd53cf667dd009e54d107d4b1,2026-04-26T00:40:00Z,basketball_nba,Minnesota Timberwolves vs Denver Nuggets,Minnesota Timberwolves,Denver Nuggets,Denver Nuggets,Betfair,1.97,0.5236,3.14,0.03,2026-04-25T16:50:58,PERDIDA,112-96,-0.03,19.85,,,,,,
b24e970fd53cf667dd009e54d107d4b1|Denver Nuggets|Matchbook,b24e970fd53cf667dd009e54d107d4b1,2026-04-26T00:40:00Z,basketball_nba,Minnesota Timberwolves vs Denver Nuggets,Minnesota Timberwolves,Denver Nuggets,Denver Nuggets,Matchbook,1.97,0.5236,3.14,0.03,2026-04-25T16:50:58,PERDIDA,112-96,-0.03,19.82,,,,,,
29d20ae02f53a206f4d445e796e13a5b|Draw|Betfair,29d20ae02f53a206f4d445e796e13a5b,2026-04-26T00:30:00Z,soccer_argentina_primera_division,River Plate vs Aldosivi Mar del Plata,River Plate,Aldosivi Mar del Plata,Draw,Betfair,5.6,0.1857,4.0,0.01,2026-04-25T20:45:20,PERDIDA,1-3,-0.01,19.81,,,,,,
29d20ae02f53a206f4d445e796e13a5b|Draw|Betfair,29d20ae02f53a206f4d445e796e13a5b,2026-04-26T00:30:00Z,soccer_argentina_primera_division,River Plate vs Aldosivi Mar del Plata,River Plate,Aldosivi Mar del Plata,Draw,Betfair,5.6,0.1857,4.0,0.01,2026-04-25T20:45:20,PERDIDA,1-3,-0.01,19.8,,,,,,
6a0ed72213d8c7e22bbb6b99f4c102b5|Newcastle Knights|Winamax (DE),6a0ed72213d8c7e22bbb6b99f4c102b5,2026-04-26T04:00:00Z,rugbyleague_nrl,Newcastle Knights vs Penrith Panthers,Newcastle Knights,Penrith Panthers,Newcastle Knights,Winamax (DE),4.6,0.2316,6.53,0.02,2026-04-24T19:46:45,PERDIDA,12-44,-0.02,19.78,,,,,,
6a0ed72213d8c7e22bbb6b99f4c102b5|Newcastle Knights|Betsson,6a0ed72213d8c7e22bbb6b99f4c102b5,2026-04-26T04:00:00Z,rugbyleague_nrl,Newcastle Knights vs Penrith Panthers,Newcastle Knights,Penrith Panthers,Newcastle Knights,Betsson,4.6,0.2288,5.25,0.01,2026-04-25T04:48:06,PERDIDA,12-44,-0.01,19.77,,,,,,
6a0ed72213d8c7e22bbb6b99f4c102b5|Newcastle Knights|Nordic Bet,6a0ed72213d8c7e22bbb6b99f4c102b5,2026-04-26T04:00:00Z,rugbyleague_nrl,Newcastle Knights vs Penrith Panthers,Newcastle Knights,Penrith Panthers,Newcastle Knights,Nordic Bet,4.6,0.2288,5.25,0.01,2026-04-25T04:48:06,PERDIDA,12-44,-0.01,19.76,,,,,,
6a0ed72213d8c7e22bbb6b99f4c102b5|Newcastle Knights|Winamax (FR),6a0ed72213d8c7e22bbb6b99f4c102b5,2026-04-26T04:00:00Z,rugbyleague_nrl,Newcastle Knights vs Penrith Panthers,Newcastle Knights,Penrith Panthers,Newcastle Knights,Winamax (FR),4.5,0.2319,4.36,0.01,2026-04-25T20:45:20,PERDIDA,12-44,-0.01,19.75,,,,,,
3f693b50c9b137ad05195d2142ef81a4|Adelaide Crows|Betfair,3f693b50c9b137ad05195d2142ef81a4,2026-04-26T05:15:44Z,aussierules_afl,Brisbane Lions vs Adelaide Crows,Brisbane Lions,Adelaide Crows,Adelaide Crows,Betfair,3.7,0.2873,6.29,0.02,2026-04-24T19:45:48,PERDIDA,75-127,-0.02,19.73,,,,,,
3f693b50c9b137ad05195d2142ef81a4|Adelaide Crows|Betfair,3f693b50c9b137ad05195d2142ef81a4,2026-04-26T05:15:44Z,aussierules_afl,Brisbane Lions vs Adelaide Crows,Brisbane Lions,Adelaide Crows,Adelaide Crows,Betfair,3.7,0.2873,6.29,0.02,2026-04-24T19:45:48,PERDIDA,75-127,-0.02,19.71,,,,,,
3f693b50c9b137ad05195d2142ef81a4|Adelaide Crows|Pinnacle,3f693b50c9b137ad05195d2142ef81a4,2026-04-26T05:15:44Z,aussierules_afl,Brisbane Lions vs Adelaide Crows,Brisbane Lions,Adelaide Crows,Adelaide Crows,Pinnacle,3.7,0.2857,5.71,0.02,2026-04-25T04:48:06,PERDIDA,75-127,-0.02,19.69,,,,,,
43ceaac86f9013c1f0dbcb8c4ed11b3a|Parramatta Eels|Winamax (FR),43ceaac86f9013c1f0dbcb8c4ed11b3a,2026-04-26T06:06:00Z,rugbyleague_nrl,Manly Warringah Sea Eagles vs Parramatta Eels,Manly Warringah Sea Eagles,Parramatta Eels,Parramatta Eels,Winamax (FR),4.0,0.2754,10.15,0.03,2026-04-26T06:09:57,PERDIDA,33-18,-0.03,19.66,,,,,,
43ceaac86f9013c1f0dbcb8c4ed11b3a|Parramatta Eels|Tipico,43ceaac86f9013c1f0dbcb8c4ed11b3a,2026-04-26T06:06:00Z,rugbyleague_nrl,Manly Warringah Sea Eagles vs Parramatta Eels,Manly Warringah Sea Eagles,Parramatta Eels,Parramatta Eels,Tipico,3.8,0.2754,4.64,0.02,2026-04-26T06:09:57,PERDIDA,33-18,-0.02,19.64,,,,,,
c0bc4c029ef89f3f82475e0d95b09741|FC Volendam|Smarkets,c0bc4c029ef89f3f82475e0d95b09741,2026-04-26T12:30:00Z,soccer_netherlands_eredivisie,Heracles Almelo vs FC Volendam,Heracles Almelo,FC Volendam,FC Volendam,Smarkets,3.1,0.3358,0.3522,0.3196,4.08,0.03,0.826,4,3.1285,2026-04-26T10:35:01,GANADA,0-2,0.06,19.7,-0.91
c0bc4c029ef89f3f82475e0d95b09741|FC Volendam|Betfair,c0bc4c029ef89f3f82475e0d95b09741,2026-04-26T12:30:00Z,soccer_netherlands_eredivisie,Heracles Almelo vs FC Volendam,Heracles Almelo,FC Volendam,FC Volendam,Betfair,3.1,0.3352,0.3522,0.3185,3.9,0.03,0.826,4,3.1398,2026-04-26T10:50:56,GANADA,0-2,0.06,19.76,-1.27
c0bc4c029ef89f3f82475e0d95b09741|FC Volendam|FanDuel,c0bc4c029ef89f3f82475e0d95b09741,2026-04-26T12:30:00Z,soccer_netherlands_eredivisie,Heracles Almelo vs FC Volendam,Heracles Almelo,FC Volendam,FC Volendam,FanDuel,3.1,0.3402,0.3522,0.3284,5.46,0.04,0.826,4,3.0449,2026-04-26T13:15:57,GANADA,0-2,0.08,19.84,1.81
b0d1e670b682b0ed37d6b0bc271efa6a|Draw|Winamax (DE),b0d1e670b682b0ed37d6b0bc271efa6a,2026-04-26T13:00:00Z,soccer_italy_serie_a,Genoa vs Como,Genoa,Como,Draw,Winamax (DE),3.95,0.2619,,,3.45,0.01,,,,2026-04-24T21:27:28,PERDIDA,2-0,-0.01,19.83,
b104ec3a106ddc5715a4da26d894567f|Draw|Coolbet,b104ec3a106ddc5715a4da26d894567f,2026-04-26T13:30:00Z,soccer_germany_bundesliga,VfB Stuttgart vs Werder Bremen,VfB Stuttgart,Werder Bremen,Draw,Coolbet,4.75,0.2185,,,3.79,0.01,,,,2026-04-24T21:27:28,GANADA,1-1,0.04,19.87,
b104ec3a106ddc5715a4da26d894567f|VfB Stuttgart|Coolbet,b104ec3a106ddc5715a4da26d894567f,2026-04-26T13:30:00Z,soccer_germany_bundesliga,VfB Stuttgart vs Werder Bremen,VfB Stuttgart,Werder Bremen,VfB Stuttgart,Coolbet,4.4,0.2435,0.8003,0.2435,7.12,0.02,0.0,4,4.1075,2026-04-26T14:50:38,PERDIDA,1-1,-0.02,19.85,7.12
b104ec3a106ddc5715a4da26d894567f|Werder Bremen|Betclic (FR),b104ec3a106ddc5715a4da26d894567f,2026-04-26T13:30:00Z,soccer_germany_bundesliga,VfB Stuttgart vs Werder Bremen,VfB Stuttgart,Werder Bremen,Werder Bremen,Betclic (FR),2.35,0.4618,0.0614,0.4618,8.53,0.05,0.0,4,2.1653,2026-04-26T14:50:38,PERDIDA,1-1,-0.05,19.8,8.53
5f9d3da4f9116d7f74b873d6d8c5b5b5|Sevilla|Smarkets,5f9d3da4f9116d7f74b873d6d8c5b5b5,2026-04-26T16:30:00Z,soccer_spain_la_liga,CA Osasuna vs Sevilla,CA Osasuna,Sevilla,Sevilla,Smarkets,4.0,0.2589,,,3.55,0.01,,,,2026-04-24T21:27:28,PERDIDA,1-2,-0.01,19.79,
5f9d3da4f9116d7f74b873d6d8c5b5b5|Sevilla|Betfair,5f9d3da4f9116d7f74b873d6d8c5b5b5,2026-04-26T16:30:00Z,soccer_spain_la_liga,CA Osasuna vs Sevilla,CA Osasuna,Sevilla,Sevilla,Betfair,4.1,0.2589,,,6.14,0.02,,,,2026-04-24T21:27:28,PERDIDA,1-2,-0.02,19.77,
5f9d3da4f9116d7f74b873d6d8c5b5b5|Sevilla|Matchbook,5f9d3da4f9116d7f74b873d6d8c5b5b5,2026-04-26T16:30:00Z,soccer_spain_la_liga,CA Osasuna vs Sevilla,CA Osasuna,Sevilla,Sevilla,Matchbook,4.1,0.2589,,,6.14,0.02,,,,2026-04-24T21:27:28,PERDIDA,1-2,-0.02,19.75,
6575e2a2e9cba1a58157427fe0e50ea1|Metz|Betfair,6575e2a2e9cba1a58157427fe0e50ea1,2026-04-26T15:15:00Z,soccer_france_ligue_one,Le Havre vs Metz,Le Havre,Metz,Metz,Betfair,5.7,0.1809,,,3.11,0.01,,,,2026-04-24T21:27:28,PERDIDA,4-4,-0.01,19.74,
6575e2a2e9cba1a58157427fe0e50ea1|Metz|Unibet (NL),6575e2a2e9cba1a58157427fe0e50ea1,2026-04-26T15:15:00Z,soccer_france_ligue_one,Le Havre vs Metz,Le Havre,Metz,Metz,Unibet (NL),5.8,0.1809,,,4.92,0.01,,,,2026-04-24T21:27:28,PERDIDA,4-4,-0.01,19.73,
6575e2a2e9cba1a58157427fe0e50ea1|Metz|LeoVegas (SE),6575e2a2e9cba1a58157427fe0e50ea1,2026-04-26T15:15:00Z,soccer_france_ligue_one,Le Havre vs Metz,Le Havre,Metz,Metz,LeoVegas (SE),5.8,0.1809,,,4.92,0.01,,,,2026-04-24T21:27:28,PERDIDA,4-4,-0.01,19.72,
6575e2a2e9cba1a58157427fe0e50ea1|Metz|Unibet (SE),6575e2a2e9cba1a58157427fe0e50ea1,2026-04-26T15:15:00Z,soccer_france_ligue_one,Le Havre vs Metz,Le Havre,Metz,Metz,Unibet (SE),5.8,0.1809,,,4.92,0.01,,,,2026-04-24T21:27:28,PERDIDA,4-4,-0.01,19.71,
6575e2a2e9cba1a58157427fe0e50ea1|Metz|Matchbook,6575e2a2e9cba1a58157427fe0e50ea1,2026-04-26T15:15:00Z,soccer_france_ligue_one,Le Havre vs Metz,Le Havre,Metz,Metz,Matchbook,5.7,0.1809,,,3.11,0.01,,,,2026-04-24T21:27:28,PERDIDA,4-4,-0.01,19.7,
5f9d3da4f9116d7f74b873d6d8c5b5b5|Sevilla|Coolbet,5f9d3da4f9116d7f74b873d6d8c5b5b5,2026-04-26T16:30:00Z,soccer_spain_la_liga,CA Osasuna vs Sevilla,CA Osasuna,Sevilla,Sevilla,Coolbet,4.0,0.2576,,,3.03,0.01,,,,2026-04-24T19:34:52,PERDIDA,1-2,-0.01,19.69,
528783c145f87a8a874574f057d0c879|Gimnasia Mendoza|Smarkets,528783c145f87a8a874574f057d0c879,2026-04-26T18:00:00Z,soccer_argentina_primera_division,Independiente Rivadavia vs Gimnasia Mendoza,Independiente Rivadavia,Gimnasia Mendoza,Gimnasia Mendoza,Smarkets,5.6,0.184,,,3.04,0.01,,,,2026-04-24T19:46:45,PERDIDA,1-5,-0.01,19.68,
528783c145f87a8a874574f057d0c879|Gimnasia Mendoza|Pinnacle,528783c145f87a8a874574f057d0c879,2026-04-26T18:00:00Z,soccer_argentina_primera_division,Independiente Rivadavia vs Gimnasia Mendoza,Independiente Rivadavia,Gimnasia Mendoza,Gimnasia Mendoza,Pinnacle,5.94,0.184,,,9.3,0.02,,,,2026-04-24T19:46:45,PERDIDA,1-5,-0.02,19.66,
528783c145f87a8a874574f057d0c879|Gimnasia Mendoza|Betfair,528783c145f87a8a874574f057d0c879,2026-04-26T18:00:00Z,soccer_argentina_primera_division,Independiente Rivadavia vs Gimnasia Mendoza,Independiente Rivadavia,Gimnasia Mendoza,Gimnasia Mendoza,Betfair,5.7,0.184,,,4.88,0.01,,,,2026-04-24T19:46:45,PERDIDA,1-5,-0.01,19.65,
528783c145f87a8a874574f057d0c879|Gimnasia Mendoza|Everygame,528783c145f87a8a874574f057d0c879,2026-04-26T18:00:00Z,soccer_argentina_primera_division,Independiente Rivadavia vs Gimnasia Mendoza,Independiente Rivadavia,Gimnasia Mendoza,Gimnasia Mendoza,Everygame,5.75,0.184,,,5.8,0.01,,,,2026-04-24T19:46:45,PERDIDA,1-5,-0.01,19.64,
528783c145f87a8a874574f057d0c879|Gimnasia Mendoza|Matchbook,528783c145f87a8a874574f057d0c879,2026-04-26T18:00:00Z,soccer_argentina_primera_division,Independiente Rivadavia vs Gimnasia Mendoza,Independiente Rivadavia,Gimnasia Mendoza,Gimnasia Mendoza,Matchbook,5.8,0.184,,,6.72,0.01,,,,2026-04-24T19:46:45,PERDIDA,1-5,-0.01,19.63,
528783c145f87a8a874574f057d0c879|Gimnasia Mendoza|Nordic Bet,528783c145f87a8a874574f057d0c879,2026-04-26T18:00:00Z,soccer_argentina_primera_division,Independiente Rivadavia vs Gimnasia Mendoza,Independiente Rivadavia,Gimnasia Mendoza,Gimnasia Mendoza,Nordic Bet,5.85,0.1764,,,3.21,0.01,,,,2026-04-25T08:51:33,PERDIDA,1-5,-0.01,19.62,
528783c145f87a8a874574f057d0c879|Gimnasia Mendoza|Betsson,528783c145f87a8a874574f057d0c879,2026-04-26T18:00:00Z,soccer_argentina_primera_division,Independiente Rivadavia vs Gimnasia Mendoza,Independiente Rivadavia,Gimnasia Mendoza,Gimnasia Mendoza,Betsson,5.85,0.1764,,,3.21,0.01,,,,2026-04-25T08:51:33,PERDIDA,1-5,-0.01,19.61,
d94d967f8600a3fb8b869f32c31a7357|Toronto Raptors|Betfair,d94d967f8600a3fb8b869f32c31a7357,2026-04-26T17:10:00Z,basketball_nba,Toronto Raptors vs Cleveland Cavaliers,Toronto Raptors,Cleveland Cavaliers,Toronto Raptors,Betfair,2.52,0.4118,,,3.76,0.02,,,,2026-04-25T08:51:33,GANADA,93-89,0.03,19.64,
d94d967f8600a3fb8b869f32c31a7357|Toronto Raptors|Matchbook,d94d967f8600a3fb8b869f32c31a7357,2026-04-26T17:10:00Z,basketball_nba,Toronto Raptors vs Cleveland Cavaliers,Toronto Raptors,Cleveland Cavaliers,Toronto Raptors,Matchbook,2.52,0.4118,,,3.76,0.02,,,,2026-04-25T08:51:33,GANADA,93-89,0.03,19.67,
c26a6d846d17f3b6d042903c4207d68f|Philadelphia Phillies|Smarkets,c26a6d846d17f3b6d042903c4207d68f,2026-04-26T17:36:00Z,baseball_mlb,Atlanta Braves vs Philadelphia Phillies,Atlanta Braves,Philadelphia Phillies,Philadelphia Phillies,Smarkets,2.58,0.4005,,,3.33,0.02,,,,2026-04-26T09:06:42,PERDIDA,6-2,-0.02,19.65,
c26a6d846d17f3b6d042903c4207d68f|Philadelphia Phillies|Matchbook,c26a6d846d17f3b6d042903c4207d68f,2026-04-26T17:36:00Z,baseball_mlb,Atlanta Braves vs Philadelphia Phillies,Atlanta Braves,Philadelphia Phillies,Philadelphia Phillies,Matchbook,2.58,0.4005,,,3.33,0.02,,,,2026-04-26T09:06:42,PERDIDA,6-2,-0.02,19.63,
c26a6d846d17f3b6d042903c4207d68f|Philadelphia Phillies|Betfair,c26a6d846d17f3b6d042903c4207d68f,2026-04-26T17:36:00Z,baseball_mlb,Atlanta Braves vs Philadelphia Phillies,Atlanta Braves,Philadelphia Phillies,Philadelphia Phillies,Betfair,2.62,0.4005,,,4.93,0.03,,,,2026-04-26T09:06:42,PERDIDA,6-2,-0.03,19.6,
4bfe574e7c5269d65b3a9936e5793ada|Cincinnati Reds|Bovada,4bfe574e7c5269d65b3a9936e5793ada,2026-04-26T17:40:50Z,baseball_mlb,Cincinnati Reds vs Detroit Tigers,Cincinnati Reds,Detroit Tigers,Cincinnati Reds,Bovada,1.77,0.6121,,0.6121,8.34,0.09,0.0,4,1.6337,2026-04-26T19:01:54,PERDIDA,3-8,-0.09,19.51,8.34
d94d967f8600a3fb8b869f32c31a7357|Toronto Raptors|Coral,d94d967f8600a3fb8b869f32c31a7357,2026-04-26T17:13:41Z,basketball_nba,Toronto Raptors vs Cleveland Cavaliers,Toronto Raptors,Cleveland Cavaliers,Toronto Raptors,Coral,3.75,0.2963,,0.2963,11.12,0.03,0.0,4,3.3748,2026-04-26T19:01:54,GANADA,93-89,0.08,19.59,11.12
d94d967f8600a3fb8b869f32c31a7357|Cleveland Cavaliers|Sky Bet,d94d967f8600a3fb8b869f32c31a7357,2026-04-26T17:13:41Z,basketball_nba,Toronto Raptors vs Cleveland Cavaliers,Toronto Raptors,Cleveland Cavaliers,Cleveland Cavaliers,Sky Bet,1.5,0.7037,,0.7037,5.55,0.09,0.0,4,1.4211,2026-04-26T19:01:54,PERDIDA,93-89,-0.09,19.5,5.55
548f901ac0c811c39953f7e3769040cb|Celta Vigo|Betfair,548f901ac0c811c39953f7e3769040cb,2026-04-26T19:00:00Z,soccer_spain_la_liga,Villarreal vs Celta Vigo,Villarreal,Celta Vigo,Celta Vigo,Betfair,4.1,0.2522,,,3.4,0.01,,,,2026-04-24T21:27:28,PERDIDA,1-2,-0.01,19.49,
548f901ac0c811c39953f7e3769040cb|Celta Vigo|Matchbook,548f901ac0c811c39953f7e3769040cb,2026-04-26T19:00:00Z,soccer_spain_la_liga,Villarreal vs Celta Vigo,Villarreal,Celta Vigo,Celta Vigo,Matchbook,4.1,0.2522,,,3.4,0.01,,,,2026-04-24T21:27:28,PERDIDA,1-2,-0.01,19.48,
548f901ac0c811c39953f7e3769040cb|Celta Vigo|Coolbet,548f901ac0c811c39953f7e3769040cb,2026-04-26T19:00:00Z,soccer_spain_la_liga,Villarreal vs Celta Vigo,Villarreal,Celta Vigo,Celta Vigo,Coolbet,4.1,0.2522,,,3.4,0.01,,,,2026-04-24T21:27:28,PERDIDA,1-2,-0.01,19.47,
fe9144f16b50cae926782c547f10c4d9|Gimnasia La Plata|Smarkets,fe9144f16b50cae926782c547f10c4d9,2026-04-26T20:30:00Z,soccer_argentina_primera_division,Belgrano de Cordoba vs Gimnasia La Plata,Belgrano de Cordoba,Gimnasia La Plata,Gimnasia La Plata,Smarkets,5.1,0.2024,,,3.22,0.01,,,,2026-04-24T19:46:45,GANADA,1-0,0.04,19.51,
fe9144f16b50cae926782c547f10c4d9|Gimnasia La Plata|Betfair,fe9144f16b50cae926782c547f10c4d9,2026-04-26T20:30:00Z,soccer_argentina_primera_division,Belgrano de Cordoba vs Gimnasia La Plata,Belgrano de Cordoba,Gimnasia La Plata,Gimnasia La Plata,Betfair,5.2,0.2024,,,5.25,0.01,,,,2026-04-24T19:46:45,GANADA,1-0,0.04,19.55,
fe9144f16b50cae926782c547f10c4d9|Gimnasia La Plata|Matchbook,fe9144f16b50cae926782c547f10c4d9,2026-04-26T20:30:00Z,soccer_argentina_primera_division,Belgrano de Cordoba vs Gimnasia La Plata,Belgrano de Cordoba,Gimnasia La Plata,Gimnasia La Plata,Matchbook,5.2,0.2023,,,5.2,0.01,,,,2026-04-25T04:48:06,GANADA,1-0,0.04,19.59,
0cab123e90bdf5d1d144a7e26ebc339c|Portland Trail Blazers|Smarkets,0cab123e90bdf5d1d144a7e26ebc339c,2026-04-26T19:40:00Z,basketball_nba,Portland Trail Blazers vs San Antonio Spurs,Portland Trail Blazers,San Antonio Spurs,Portland Trail Blazers,Smarkets,2.9,0.3627,,,5.2,0.03,,,,2026-04-25T08:51:33,PERDIDA,93-114,-0.03,19.56,
0cab123e90bdf5d1d144a7e26ebc339c|Portland Trail Blazers|GTbets,0cab123e90bdf5d1d144a7e26ebc339c,2026-04-26T19:40:00Z,basketball_nba,Portland Trail Blazers vs San Antonio Spurs,Portland Trail Blazers,San Antonio Spurs,Portland Trail Blazers,GTbets,2.85,0.3627,,,3.38,0.02,,,,2026-04-25T08:51:33,PERDIDA,93-114,-0.02,19.54,
0cab123e90bdf5d1d144a7e26ebc339c|Portland Trail Blazers|Pinnacle,0cab123e90bdf5d1d144a7e26ebc339c,2026-04-26T19:40:00Z,basketball_nba,Portland Trail Blazers vs San Antonio Spurs,Portland Trail Blazers,San Antonio Spurs,Portland Trail Blazers,Pinnacle,2.87,0.3627,,,4.11,0.02,,,,2026-04-25T08:51:33,PERDIDA,93-114,-0.02,19.52,
0cab123e90bdf5d1d144a7e26ebc339c|Portland Trail Blazers|Betfair,0cab123e90bdf5d1d144a7e26ebc339c,2026-04-26T19:40:00Z,basketball_nba,Portland Trail Blazers vs San Antonio Spurs,Portland Trail Blazers,San Antonio Spurs,Portland Trail Blazers,Betfair,2.92,0.3627,,,5.92,0.03,,,,2026-04-25T08:51:33,PERDIDA,93-114,-0.03,19.49,
0cab123e90bdf5d1d144a7e26ebc339c|Portland Trail Blazers|1xBet,0cab123e90bdf5d1d144a7e26ebc339c,2026-04-26T19:40:00Z,basketball_nba,Portland Trail Blazers vs San Antonio Spurs,Portland Trail Blazers,San Antonio Spurs,Portland Trail Blazers,1xBet,2.93,0.3568,,,4.54,0.02,,,,2026-04-25T13:14:06,PERDIDA,93-114,-0.02,19.47,
c58d519f9c0c9bbfb946886ee2ae07bd|Newells Old Boys|Betfair,c58d519f9c0c9bbfb946886ee2ae07bd,2026-04-26T20:30:00Z,soccer_argentina_primera_division,Newells Old Boys vs Instituto de Córdoba,Newells Old Boys,Instituto de Córdoba,Newells Old Boys,Betfair,3.35,0.3101,,,3.89,0.02,,,,2026-04-26T09:06:42,PERDIDA,1-1,-0.02,19.45,
c58d519f9c0c9bbfb946886ee2ae07bd|Newells Old Boys|Matchbook,c58d519f9c0c9bbfb946886ee2ae07bd,2026-04-26T20:30:00Z,soccer_argentina_primera_division,Newells Old Boys vs Instituto de Córdoba,Newells Old Boys,Instituto de Córdoba,Newells Old Boys,Matchbook,3.35,0.3101,,,3.89,0.02,,,,2026-04-26T09:06:42,PERDIDA,1-1,-0.02,19.43,
70d642527538cc1ee9ace67b17830b01|Seattle Mariners|Betfair,70d642527538cc1ee9ace67b17830b01,2026-04-26T18:16:00Z,baseball_mlb,St. Louis Cardinals vs Seattle Mariners,St. Louis Cardinals,Seattle Mariners,Seattle Mariners,Betfair,2.72,0.3825,,0.3825,4.04,0.02,0.0,4,2.6143,2026-04-26T19:01:54,GANADA,2-3,0.03,19.46,4.04
d8f901c0fc526d986a568d86c64039d5|Texas Rangers|Pinnacle,d8f901c0fc526d986a568d86c64039d5,2026-04-26T18:36:00Z,baseball_mlb,Texas Rangers vs Athletics,Texas Rangers,Athletics,Texas Rangers,Pinnacle,3.53,0.2947,,0.2947,4.04,0.01,0.0,4,3.3931,2026-04-26T19:01:54,PERDIDA,1-2,-0.01,19.45,4.03
0cab123e90bdf5d1d144a7e26ebc339c|San Antonio Spurs|1xBet,0cab123e90bdf5d1d144a7e26ebc339c,2026-04-26T19:40:00Z,basketball_nba,Portland Trail Blazers vs San Antonio Spurs,Portland Trail Blazers,San Antonio Spurs,San Antonio Spurs,1xBet,1.52,0.6938,,0.6938,5.45,0.08,0.0,4,1.4414,2026-04-26T19:01:54,GANADA,93-114,0.04,19.49,5.45
d8f901c0fc526d986a568d86c64039d5|Athletics|Smarkets,d8f901c0fc526d986a568d86c64039d5,2026-04-26T18:36:00Z,baseball_mlb,Texas Rangers vs Athletics,Texas Rangers,Athletics,Athletics,Smarkets,1.77,0.5959,,0.5959,5.48,0.06,0.0,4,1.6781,2026-04-26T20:44:54,GANADA,1-2,0.05,19.54,5.48
da0051b49d77f2e75356ec697b79b686|Banfield|Betfair,da0051b49d77f2e75356ec697b79b686,2026-04-26T23:00:00Z,soccer_argentina_primera_division,Atlético Tucuman vs Banfield,Atlético Tucuman,Banfield,Banfield,Betfair,4.1,0.2543,,,4.27,0.01,,,,2026-04-24T19:46:45,PERDIDA,1-1,-0.01,19.53,
da0051b49d77f2e75356ec697b79b686|Banfield|Matchbook,da0051b49d77f2e75356ec697b79b686,2026-04-26T23:00:00Z,soccer_argentina_primera_division,Atlético Tucuman vs Banfield,Atlético Tucuman,Banfield,Banfield,Matchbook,4.1,0.2543,,,4.27,0.01,,,,2026-04-25T04:48:06,PERDIDA,1-1,-0.01,19.52,
62dc6619019d4366984883a71b283077|Philadelphia 76ers|1xBet,62dc6619019d4366984883a71b283077,2026-04-26T23:10:00Z,basketball_nba,Philadelphia 76ers vs Boston Celtics,Philadelphia 76ers,Boston Celtics,Philadelphia 76ers,1xBet,3.67,0.2919,,,7.14,0.03,,,,2026-04-25T04:48:06,PERDIDA,96-128,-0.03,19.49,
02dcaedecc84abb3770b936306df02d9|San Diego Padres|William Hill,02dcaedecc84abb3770b936306df02d9,2026-04-26T20:06:00Z,baseball_mlb,Arizona Diamondbacks vs San Diego Padres,Arizona Diamondbacks,San Diego Padres,San Diego Padres,William Hill,1.73,0.636,,0.636,10.02,0.11,0.0,4,1.5724,2026-04-26T20:44:54,PERDIDA,12-7,-0.11,19.38,10.02
399d2e69e4408801d09e614c88779989|Los Angeles Lakers|1xBet,399d2e69e4408801d09e614c88779989,2026-04-27T01:40:00Z,basketball_nba,Houston Rockets vs Los Angeles Lakers,Houston Rockets,Los Angeles Lakers,Los Angeles Lakers,1xBet,2.77,0.3735,,,3.45,0.02,,,,2026-04-25T13:14:06,PERDIDA,115-96,-0.02,19.36,
aa8294b91a1920474d420d34851aaceb|Udinese|Smarkets,aa8294b91a1920474d420d34851aaceb,2026-04-27T18:45:00Z,soccer_italy_serie_a,Lazio vs Udinese,Lazio,Udinese,Udinese,Smarkets,4.3,0.2409,,,3.57,0.01,,,,2026-04-24T21:27:28,PERDIDA,3-3,-0.01,19.35,
ea38471acf4d5944929f9025e151376d|Brentford|Unibet (NL),ea38471acf4d5944929f9025e151376d,2026-04-27T19:00:00Z,soccer_epl,Manchester United vs Brentford,Manchester United,Brentford,Brentford,Unibet (NL),4.25,0.2469,0.1703,0.2469,4.95,0.01,0.0,4,4.0496,2026-04-26T20:44:54,PERDIDA,1-2,-0.01,19.34,4.95
ddc60b8b5427fc0cc031534d1c71179c|Union Santa Fe|Unibet (SE),ddc60b8b5427fc0cc031534d1c71179c,2026-04-27T21:45:00Z,soccer_argentina_primera_division,Velez Sarsfield BA vs Union Santa Fe,Velez Sarsfield BA,Union Santa Fe,Union Santa Fe,Unibet (SE),3.9,0.2665,,,3.92,0.01,,,,2026-04-25T22:41:55,PERDIDA,2-2,-0.01,19.33,
4231e596c0ccb42a62c16bf46b6854a6|St. Louis Cardinals|BetMGM,4231e596c0ccb42a62c16bf46b6854a6,2026-04-27T22:41:00Z,baseball_mlb,Pittsburgh Pirates vs St. Louis Cardinals,Pittsburgh Pirates,St. Louis Cardinals,St. Louis Cardinals,BetMGM,2.75,0.4026,,0.4026,10.72,0.05,0.0,4,2.4836,2026-04-27T22:56:53,GANADA,2-4,0.09,19.42,10.73
4231e596c0ccb42a62c16bf46b6854a6|Pittsburgh Pirates|William Hill,4231e596c0ccb42a62c16bf46b6854a6,2026-04-27T22:41:00Z,baseball_mlb,Pittsburgh Pirates vs St. Louis Cardinals,Pittsburgh Pirates,St. Louis Cardinals,Pittsburgh Pirates,William Hill,1.8,0.5974,,0.5974,7.53,0.07,0.0,4,1.674,2026-04-27T22:56:53,PERDIDA,2-4,-0.07,19.35,7.53
dcf9a86b098e3d4ca02c7a2ae186c2c5|AS Monaco|888sport,dcf9a86b098e3d4ca02c7a2ae186c2c5,2026-04-28T18:00:00Z,basketball_euroleague,Olympiacos vs AS Monaco,Olympiacos,AS Monaco,AS Monaco,888sport,4.9,0.2105,,,3.16,0.01,,,,2026-04-25T14:48:05,PERDIDA,91-70,-0.01,19.34,
dcf9a86b098e3d4ca02c7a2ae186c2c5|AS Monaco|FanDuel,dcf9a86b098e3d4ca02c7a2ae186c2c5,2026-04-28T18:00:00Z,basketball_euroleague,Olympiacos vs AS Monaco,Olympiacos,AS Monaco,AS Monaco,FanDuel,4.9,0.2105,,,3.16,0.01,,,,2026-04-25T14:48:05,PERDIDA,91-70,-0.01,19.33,
dcf9a86b098e3d4ca02c7a2ae186c2c5|AS Monaco|William Hill,dcf9a86b098e3d4ca02c7a2ae186c2c5,2026-04-28T18:00:00Z,basketball_euroleague,Olympiacos vs AS Monaco,Olympiacos,AS Monaco,AS Monaco,William Hill,4.9,0.2105,,,3.16,0.01,,,,2026-04-25T14:48:05,PERDIDA,91-70,-0.01,19.32,
9ee53c45ff32f7ea5b6e638b023f07d5|Paris Saint Germain|Bet Victor,9ee53c45ff32f7ea5b6e638b023f07d5,2026-04-28T19:01:00Z,soccer_uefa_champs_league,Paris Saint Germain vs Bayern Munich,Paris Saint Germain,Bayern Munich,Paris Saint Germain,Bet Victor,3.1,0.3417,0.598,0.3417,5.92,0.02,0.0,4,2.9269,2026-04-28T19:46:59,GANADA,5-4,0.04,19.36,5.91
9ee53c45ff32f7ea5b6e638b023f07d5|Draw|Smarkets,9ee53c45ff32f7ea5b6e638b023f07d5,2026-04-28T19:01:00Z,soccer_uefa_champs_league,Paris Saint Germain vs Bayern Munich,Paris Saint Germain,Bayern Munich,Draw,Smarkets,3.85,0.2776,0.2258,0.2776,6.89,0.02,0.0,4,3.6018,2026-04-28T19:46:59,PERDIDA,5-4,-0.02,19.34,6.89
de3efd9a1b07c22949d3610df7bdc8e9|Ipswich Town|Unibet (NL),de3efd9a1b07c22949d3610df7bdc8e9,2026-04-28T18:45:00Z,soccer_efl_champ,Southampton vs Ipswich Town,Southampton,Ipswich Town,Ipswich Town,Unibet (NL),3.6,0.299,0.1762,0.299,7.65,0.02,0.0,4,3.3442,2026-04-28T19:46:59,PERDIDA,2-2,-0.02,19.32,7.65
